species,year,n_balanced,mean_whole,median_whole,pooled_whole,mean_milk,median_milk,pooled_milk
cattle,2020,185,85.04410710729765,37.91912020241061,27.96213787372939,85.04410710729765,37.91912020241061,27.96213787372939
cattle,2021,185,85.01009268721306,37.543064438444524,27.614116264380165,85.01009268721306,37.543064438444524,27.614116264380165
cattle,2022,185,85.20271017752341,37.538172020901214,27.539419640145788,85.20271017752341,37.538172020901214,27.539419640145788
cattle,2023,185,83.97513048509667,36.71025983741148,27.402167357594905,83.97513048509667,36.71025983741148,27.402167357594905
buffalo,2020,17,567.9270865066009,241.52542372881354,83.6835995297424,59.37316229388515,56.05332167832168,29.994903114545803
buffalo,2021,17,549.0696207290179,220.74307165728163,82.01335831256168,58.736675048611914,53.4905441684149,29.7670403930212
buffalo,2022,17,551.6461265327493,232.5880705183574,80.35075950437418,60.12595282019284,56.48510061877358,29.416374159092936
buffalo,2023,17,532.4034359025985,221.80649386901396,79.34214187679778,56.89653509456123,52.217230090345524,29.536932562216094
goats,2020,103,565.8041388174654,186.51008272796574,248.4168031924086,110.91133526406318,52.938119224170386,55.42062187090008
goats,2021,103,577.910330816502,191.30518519142328,244.03506695808045,113.10957442239146,54.37204277898584,54.855174379757386
goats,2022,103,574.2832787134299,187.4899715231777,235.1258049868204,116.30779706882875,58.39097169524142,52.947073570114156
goats,2023,103,612.519692677669,182.65239481520018,233.68028871476113,128.4243305063951,57.89814319634849,51.516756075892644
sheep,2020,71,1620.6353377321357,523.0812818737014,452.23059016291637,256.53468001103556,113.74944934206799,137.98390567537672
sheep,2021,71,1589.697973345874,539.4038407752095,463.6181304519362,238.59198289515902,111.29703895349066,137.81316632619263
sheep,2022,71,1544.260699907158,557.3562077286385,472.23582606209465,248.29290442458557,114.11630213465034,141.41980296392674
sheep,2023,71,5127.940271814232,554.7758620689655,474.63414970803336,1653.592285695421,112.15305570706572,142.17798148165394
camel,2020,29,3215.3664939707373,1123.672460878235,458.80609514676706,420.8529828333396,225.8060271285108,107.18161778530732
camel,2021,29,3461.324745301488,1166.5421825947926,467.1862753977391,422.9420620281177,233.53461219674332,106.32163137177778
camel,2022,29,3287.8566676314226,1161.8374166273736,494.9270940959594,414.924871148465,234.5268433635187,108.24924002808736
camel,2023,29,3599.71871738694,1145.1553303410294,490.73245553987755,457.21746752769025,245.48064630004143,106.47817396972191
