m49,country,I_milk_buffalo,I_milk_camel,I_milk_cattle,I_milk_goats,I_milk_sheep,I_whole_buffalo,I_whole_camel,I_whole_cattle,I_whole_goats,I_whole_sheep,delta_buffalo,delta_camel,delta_cattle,delta_goats,delta_sheep,milk_t_buffalo,milk_t_camel,milk_t_cattle,milk_t_goats,milk_t_sheep
4,Afghanistan,,151.67855736470608,122.85575831543521,118.46562758168194,171.0595803727765,,1159.158790017985,122.85575831543521,344.9814166355376,326.3389467959681,,0.13085226862003324,1.0,0.34339712769756897,0.5241776442936351,,6833.49,1902352.02,119074.24,191272.91
8,Albania,,,43.442465942836996,38.38043875345683,124.9286586806881,,,43.442465942836996,45.08318234228298,148.7188751392527,,,1.0,0.8513249677465708,0.840032299623779,,,788307.0,72852.0,66426.0
12,Algeria,,303.3148668352402,18.888911154498185,47.707579636768685,183.83935389018995,,1376.2651118530557,18.888911154498185,81.52691725241964,295.3433757321106,,0.22038985383190127,1.0,0.5851758075073392,0.6224597163707518,,15290.15,2419276.56,323791.22,554786.44
24,Angola,,,95.08808617783546,,,,,95.08808617783546,,,,,1.0,,,,,220646.99,,
28,Antigua and Barbuda,,,60.6149076526321,,,,,60.6149076526321,,,,,1.0,,,,,2877.18,,
31,Azerbaijan,,,27.49885984088446,102.86848211089018,54.65828524030478,,,27.49885984088446,458.3849604785303,1143.2873105357326,,,1.0,0.22441504626046369,0.047808004809125774,,,2249686.0,4681.0,29623.0
32,Argentina,,,9.673603273954056,,,,,9.673603273954056,,,,,1.0,,,,,11665405.0,,
36,Australia,,,19.288886264320304,,,,,19.288886264320304,,,,,1.0,,,,,8467000.0,,
40,Austria,,,20.370311977579586,12.108595081568057,19.7502023249938,,,20.370311977579586,18.66741741741742,278.11958405545926,,,1.0,0.6486486486486487,0.07101334626279124,,,3678790.0,26640.0,11540.0
44,Bahamas,,,74.43370428322828,26.90083122751312,,,,74.43370428322828,56.7217443024386,,,,1.0,0.4742595905386603,,,,683.83,1378.66,
48,Bahrain,,,21.408903406333195,49.3729117683455,62.81562758355168,,,21.408903406333195,378.9753743348595,1987.7964395797949,,,1.0,0.13028,0.031600633914421555,,,10528.33,323.24,158.97
50,Bangladesh,90.52032982655673,,43.28973557008815,49.7615550919939,98.53015095071092,258.6295137901621,,43.28973557008815,142.17210284739429,281.6093261302246,0.35,,1.0,0.35000927815921323,0.34988241442383067,351700.0,,12661200.0,984760.0,70340.0
51,Armenia,,,19.136624775583485,30.78685577873969,78.27522475259482,,,19.136624775583485,43.79166666666667,107.76708074534162,,,1.0,0.7030300082680804,0.7263370614776384,,,557000.0,2400.0,32200.0
52,Barbados,,,52.14440212364632,,,,,52.14440212364632,,,,,1.0,,,,,4119.33,,
56,Belgium,,,15.972746920250701,,,,,15.972746920250701,,,,,1.0,,,,,4627000.0,,
64,Bhutan,,,80.27333500650253,,,,,80.27333500650253,,,,,1.0,,,,,43829.0,,
68,Bolivia (Plurinational State of),,,29.001828039419046,84.26853360776936,198.30450281416444,,,29.001828039419046,397.40088996763757,1239.0522829017214,,,1.0,0.21204918190956185,0.1600453068451297,,,576574.0,29664.0,31073.83
70,Bosnia and Herzegovina,,,33.92076027121028,,117.62997245413507,,,33.92076027121028,,2600.1898133502054,,,1.0,,0.04523899441886327,,,580214.0,,3161.0
72,Botswana,,,7.637037037037037,67.73604804790017,,,,7.637037037037037,840.5061521252796,,,,1.0,0.08058959220777237,,,,27000.0,7152.0,
76,Brazil,,,31.486249021156713,19.27041212638641,,,,31.486249021156713,2019.6696969696968,,,,1.0,0.009541368153069609,,,,36305658.36,33000.0,
84,Belize,,,67.73946360153256,,,,,67.73946360153256,,,,,1.0,,,,,6525.0,,
90,Solomon Islands,,,90.32860416680268,,,,,90.32860416680268,,,,,1.0,,,,,3063.26,,
96,Brunei Darussalam,52.217230090345524,,179.6837565884044,,,453.4419296734278,,179.6837565884044,,,0.11515748031496063,,1.0,,,127.69,,41.74,,
100,Bulgaria,52.752369668246445,,30.750835867306925,39.14652231838806,118.31978072739605,74.43127962085308,,30.750835867306925,44.65174129353234,168.92905210536435,0.7087392550143267,,1.0,0.8767076307516434,0.7004110853211779,16880.0,,726790.0,20100.0,52010.0
104,Myanmar,34.54545454545455,,62.5798947368421,276.6064842455918,231.25352563731562,358.40909090909093,,62.5798947368421,1213.5890126870113,1073.0284404625481,0.0963855421686747,,1.0,0.22792434782608695,0.21551481481481483,330000.0,,1900000.0,9798.21,2591.73
108,Burundi,,,126.2125280868088,57.89814319634849,337.6125407677739,,,126.2125280868088,326.64142736168435,2610.911558404201,,,1.0,0.1772529089895229,0.12930830218321296,,,36494.0,59882.79,1355.81
112,Belarus,,,19.059536670267676,9.651879394907906,,,,19.059536670267676,15.838238787846793,,,,1.0,0.609403578528827,,,,8331000.0,16289.69,
116,Cambodia,,,466.6445531486896,,,,,466.6445531486896,,,,,1.0,,,,,24329.01,,
120,Cameroon,,,72.41548506662622,102.55443569731817,249.5355069831783,,,72.41548506662622,571.0492865861358,969.6715356559532,,,1.0,0.17958946470349732,0.25734024131622585,,,204740.74,59397.5,18967.66
124,Canada,,,17.17175814153337,,,,,17.17175814153337,,,,,1.0,,,,,9886559.0,,
132,Cabo Verde,,,82.24613432303934,58.16761487322441,,,,82.24613432303934,126.76010491672962,,,,1.0,0.45887951032728697,,,,4602.04,5837.01,
140,Central African Republic,,,191.46136261002894,,,,,191.46136261002894,,,,,1.0,,,,,82464.68,,
144,Sri Lanka,68.26291079812206,,51.730628439175305,47.70922842611016,,204.70109546165887,,51.730628439175305,114.04265927114658,,0.33347604048805846,,1.0,0.4183454571387819,,95850.0,,423430.0,16045.75,
148,Chad,,390.38338210108924,236.42024790896406,84.13258616334136,141.91275091833103,,14678.910767145953,236.42024790896406,2101.4255751164033,5253.419581562364,,0.026594846735824403,1.0,0.0400359580465661,0.027013405024109313,,35332.39,263319.24,122483.9,48158.67
152,Chile,,,17.90956807121261,142.08612980737163,,,,17.90956807121261,252.03225973475222,,,,1.0,0.5637616785918921,,,,2224325.0,8111.66,
156,"China, mainland",112.49367178450518,254.4806584098625,29.615455184492394,28.130595628247658,189.59336567968305,539.0873248786927,1275.9911228760989,29.615455184492394,3037.9245072972694,757.2216039138438,0.20867430301726886,0.19943764015870277,1.0,0.009259807332498338,0.2503802911852141,3274849.21,21479.93,41966500.0,217562.22,1299773.93
158,"China, Taiwan Province of",,,12.433088015849332,17.04698071371266,,,,12.433088015849332,49.70530451866405,,,,1.0,0.3429609953865511,,,,472449.0,11198.0,
170,Colombia,,,35.182295799699,,,,,35.182295799699,,,,,1.0,,,,,7309000.0,,
174,Comoros,,,35.09969995294577,,,,,35.09969995294577,,,,,1.0,,,,,13091.28,,
178,Congo,,,35.65709166246708,,,,,35.65709166246708,,,,,1.0,,,,,4464.75,,
180,Democratic Republic of the Congo,,,53.55985919432383,,,,,53.55985919432383,,,,,1.0,,,,,9831.99,,
188,Costa Rica,,,42.987961522283044,20.555876597971448,,,,42.987961522283044,24.153949519931224,,,,1.0,0.8510358349887773,,,,1374094.0,16610.12,
191,Croatia,,,21.17094017094017,48.736301369863014,116.29851449275361,,,21.17094017094017,62.416666666666664,904.18,,,1.0,0.7808219178082192,0.1286231884057971,,,468000.0,6000.0,5000.0
192,Cuba,,,99.81239168110919,23.85471983433919,,,,99.81239168110919,1137.0181818181816,,,,1.0,0.02098006893451221,,,,230800.0,2750.0,
196,Cyprus,,,6.106084038037577,,,,,6.106084038037577,,,,,1.0,,,,,303910.0,,
203,Czechia,,,11.320699339333808,,,,,11.320699339333808,,,,,1.0,,,,,3475280.0,,
204,Benin,,,196.31410139326235,63.07935935998453,,,,196.31410139326235,509.7892199511305,,,,1.0,0.12373615779092278,,,,136873.0,38171.07,
208,Denmark,,,13.269298399859329,,,,,13.269298399859329,,,,,1.0,,,,,5687000.0,,
212,Dominica,,,78.27273585526409,,,,,78.27273585526409,,,,,1.0,,,,,6990.94,,
214,Dominican Republic,,,47.94863123195283,,,,,47.94863123195283,,,,,1.0,,,,,862164.34,,
218,Ecuador,,,29.250357108846778,106.38041015665085,136.88691143372176,,,29.250357108846778,172.37165237025556,679.4878718223846,,,1.0,0.6171572221640306,0.20145600401459918,,,2100200.0,859.19,4259.09
222,El Salvador,,,62.406280083093584,,,,,62.406280083093584,,,,,1.0,,,,,416980.47,,
231,Ethiopia,,60.73130354068121,128.05102384293247,181.2257712440345,291.48292020027856,,360.6266168495893,128.05102384293247,5295.157904235589,3688.616973933674,,0.16840493935590758,1.0,0.03422480963203614,0.0790222791523487,,233250.67,3442497.27,52306.07,55772.34
232,Eritrea,,303.8359127947051,282.0,102.77687028287079,206.87707209818015,,1576.4850226416006,282.0,1054.8184482609674,2180.26788332178,,0.19272997106283288,1.0,0.09743560178750615,0.09488607967888306,,12388.7,120000.0,9492.06,5900.33
233,Estonia,,,12.863341534332365,,,,,12.863341534332365,,,,,1.0,,,,,894200.0,,
234,Faroe Islands,,,21.2375533428165,,,,,21.2375533428165,,,,,1.0,,,,,7030.0,,
242,Fiji,,,432.1975347413049,,,,,432.1975347413049,,,,,1.0,,,,,12737.0,,
246,Finland,,,14.56243858865565,,,,,14.56243858865565,,,,,1.0,,,,,2239000.0,,
250,France,,,18.34646184521026,7.715019111378076,34.93662197326971,,,18.34646184521026,9.10848071299262,158.95578773390002,,,1.0,0.8470149253731343,0.21978829755954132,,,23993580.0,718100.0,338820.0
258,French Polynesia,,,99.13329179176343,,,,,99.13329179176343,,,,,1.0,,,,,529.59,,
262,Djibouti,,245.48064630004143,133.6461166977412,,,,571.4467504033752,133.6461166977412,,,,0.4295774647887324,1.0,,,,6129.53,9160.76,,
266,Gabon,,,36.020576777850046,,,,,36.020576777850046,,,,,1.0,,,,,10699.44,,
268,Georgia,,,34.981864746655496,55.76998001684116,105.083211092216,,,34.981864746655496,80.91482649842271,654.591381872214,,,1.0,0.6892430278884463,0.1605325306783978,,,591941.0,3170.0,6730.0
270,Gambia,,,33.78267047288608,,,,,33.78267047288608,,,,,1.0,,,,,51890.51,,
276,Germany,,,15.064087976756863,,,,,15.064087976756863,,,,,1.0,,,,,34012620.0,,
288,Ghana,,,362.6325999549355,,,,,362.6325999549355,,,,,1.0,,,,,50460.99,,
300,Greece,,,19.45058391326424,29.94851197347728,48.874034691338174,,,19.45058391326424,40.39808552103634,68.47452779219678,,,1.0,0.7413349317725045,0.7137549723549573,,,669620.0,348920.0,943970.0
308,Grenada,,,101.01010101010101,,,,,101.01010101010101,,,,,1.0,,,,,581.13,,
320,Guatemala,,,94.24390243902438,28.447978267779472,,,,94.24390243902438,229.837504884047,,,,1.0,0.12377430864528169,,,,559650.0,2610.54,
324,Guinea,,,185.56851063829788,64.33422999690207,100.69923150992716,,,185.56851063829788,560.2743811942861,1165.0935854139514,,,1.0,0.11482629253860692,0.0864301655854961,,,235000.0,41539.29,16511.12
328,Guyana,,,100.94085551397293,,,,,100.94085551397293,,,,,1.0,,,,,28591.0,,
332,Haiti,,,302.30882404738253,64.5217425619076,,,,302.30882404738253,180.37842508097154,,,,1.0,0.35770210618561454,,,,47129.62,53055.68,
340,Honduras,,,53.907619591601005,,,,,53.907619591601005,,,,,1.0,,,,,693072.71,,
344,"China, Hong Kong SAR",,,31.666666666666668,,,,,31.666666666666668,,,,,1.0,,,,,60.0,,
348,Hungary,,,14.457799237510912,38.701327023520044,93.59938264799911,,,14.457799237510912,54.81228668941979,4614.347826086956,,,1.0,0.7060702875399361,0.020284422886120604,,,2027570.0,2930.0,1610.0
352,Iceland,,,25.443821125180314,,,,,25.443821125180314,,,,,1.0,,,,,155975.0,,
356,India,27.68133700065582,286.4191774399471,31.52161087303961,23.187112298626612,,64.40377364166038,1145.1553303410294,31.52161087303961,102.33978087414611,,0.4298092399782891,0.25011382285986555,1.0,0.22656988416988416,,104388290.0,7929.23,127105138.0,7805560.0,
360,Indonesia,75.28753637957784,,67.45368067475093,112.56321163231526,201.5185834109972,689.8333333333333,,67.45368067475093,286.4850509225174,554.7758620689655,0.10913873357754703,,1.0,0.39291129247354356,0.36324324324324325,84000.0,,787374.38,356691.91,145000.0
364,Iran (Islamic Republic of),38.0402460540189,,16.469172812098147,106.74332236786782,149.17274407785771,93.56555524432012,,16.469172812098147,295.63475748492317,672.8444981710286,0.4065625,,1.0,0.3610648601537034,0.22170463529589549,102601.86,,7654331.0,322154.61,398106.25
368,Iraq,84.14517329618529,655.3213502434703,88.13887590681537,166.96443860801526,287.969732110397,363.55983442630577,13791.879350348028,88.13887590681537,318.40684262819127,596.2067676836313,0.23144793601571975,0.047515014712402756,1.0,0.52437453049017,0.48300312529025846,43002.0,431.0,237507.0,23149.0,58868.0
372,Ireland,,,23.881070382592025,,,,,23.881070382592025,,,,,1.0,,,,,8730710.0,,
376,Israel,,,3.3785207856409216,23.22747645396883,55.89598227051759,,,3.3785207856409216,29.62442257481422,122.72423982461159,,,1.0,0.7840651204360055,0.45546,,,1646401.0,19916.0,20982.0
380,Italy,,,19.7313264369242,77.04786680541103,77.6093687075358,,,19.7313264369242,87.1904266389178,112.90373230919391,,,1.0,0.8836734693877552,0.6873941819301216,,,13058970.0,57660.0,471290.0
384,Côte d'Ivoire,,,406.01796512515256,,,,,406.01796512515256,,,,,1.0,,,,,37805.47,,
388,Jamaica,,,27.073311525880314,14.563681480536598,,,,27.073311525880314,15.53770802694507,,,,1.0,0.9373120833060229,,,,10394.0,198298.23,
392,Japan,,,8.933620845677032,,,,,8.933620845677032,,,,,1.0,,,,,7298933.0,,
398,Kazakhstan,,258.41380626646657,30.286407300913957,106.96778143029601,,,689.4574035952928,30.286407300913957,6732.658736289201,,,0.3748075006794094,1.0,0.01588789594424814,,,18168.2,3420415.6,1294.6,
400,Jordan,,,4.527183239471436,88.29481006902984,91.69469678059195,,,4.527183239471436,118.20757530569638,122.29811201657347,,,1.0,0.7469471380382416,0.7497637965839224,,,485599.96,33530.0,123571.0
404,Kenya,,72.70866878634608,50.093546920091974,98.5812227313722,164.91242753552302,,203.88760350905815,50.093546920091974,687.3335334977965,1295.3762079260673,,0.35661152289288567,1.0,0.14342559751115103,0.12730851973848764,,1006991.58,4705660.0,263183.58,92269.72
408,Democratic People's Republic of Korea,,,32.980164501667716,,,,,32.980164501667716,,,,,1.0,,,,,84177.87,,
410,Republic of Korea,,,7.8034605705024,40.53327010754858,,,,7.8034605705024,182.65239481520018,,,,1.0,0.2219148024232499,,,,1929913.0,9034.1,
414,Kuwait,,,9.233095781822596,32.174666789778776,24.78667024291106,,,9.233095781822596,186.29923042471827,12804.441744295937,,,1.0,0.17270423885502978,0.0019357868728601864,,,52398.46,6095.57,296.28
417,Kyrgyzstan,,,39.08207241958739,2383.5506382034646,,,,39.08207241958739,5227.623456790124,,,,1.0,0.45595300769176234,,,,1777613.0,648.0,
418,Lao People's Democratic Republic,,,511.523247147853,,,,,511.523247147853,,,,,1.0,,,,,9070.36,,
422,Lebanon,,,15.511678789580474,89.59376776457111,101.16056940920178,,,15.511678789580474,125.02095167147777,180.01134797762828,,,1.0,0.7166300253416723,0.5619677345106819,,,188761.0,21478.0,12337.0
426,Lesotho,,,26.02088888888889,,,,,26.02088888888889,,,,,1.0,,,,,225000.0,,
428,Latvia,,,17.073208755118582,23.715022566086393,,,,17.073208755118582,35.33333333333333,,,,1.0,0.6711798839458414,,,,962180.0,1500.0,
430,Liberia,,,38.049470303437026,,,,,38.049470303437026,,,,,1.0,,,,,8344.4,,
434,Libya,,232.97248051074655,41.24243648446828,164.0915083033199,166.89410165236387,,1352.441165508911,41.24243648446828,671.2063371419076,632.5923225937927,,0.17226071377610072,1.0,0.24447252539665365,0.26382568313199684,,2227.01,142232.14,20945.72,61289.71
440,Lithuania,,,19.89587300723652,18.657057251599323,,,,19.89587300723652,27.056603773584907,,,,1.0,0.6895565092989986,,,,1470320.0,2650.0,
442,Luxembourg,,,16.235163758017432,,,,,16.235163758017432,,,,,1.0,,,,,469290.0,,
450,Madagascar,,,155.05760999568528,,,,,155.05760999568528,,,,,1.0,,,,,439077.45,,
454,Malawi,,,107.64695852573381,83.7443654735032,61.393944071354866,,,107.64695852573381,438.0351515773385,251.97176420304663,,,1.0,0.1911818381971052,0.2436540628492077,,,68853.78,148135.6,7486.95
458,Malaysia,40.10187955963301,,99.80085700296272,,,668.3493087378891,,99.80085700296272,,,0.06000137807482946,,1.0,,,6188.68,,40111.88,,
466,Mali,,73.39007552785041,329.2292028662001,426.5943584176444,424.95788079158115,,222.39400272045765,329.2292028662001,568.7924131091834,566.6104348232435,,0.33000024564556024,1.0,0.7500000854191367,0.7500000964933667,,293333.0,311353.0,295457.0,213995.0
470,Malta,,,25.734584450402146,25.94227262366081,50.68846913283179,,,25.734584450402146,31.869158878504667,57.32673267326732,,,1.0,0.8140243902439024,0.8842030021443888,,,37300.0,1070.0,2020.0
478,Mauritania,,197.60950463866428,133.83421234612817,77.88276752832819,156.1040162356444,,2793.96273754423,133.83421234612817,353.8330458084399,748.2758925851056,,0.07072732287487639,1.0,0.22011162736476794,0.2086182620374741,,26751.86,149523.8,107086.38,79098.9
480,Mauritius,,,51.21951219512195,,,,,51.21951219512195,,,,,1.0,,,,,2788.0,,
484,Mexico,,,14.421719868936343,22.783928017665076,,,,14.421719868936343,262.20012623184186,,,,1.0,0.08689518325219697,,,,13735386.75,174314.18,
496,Mongolia,,3972.997693596654,414.2412321873039,3121.11827717799,103459.99702234242,,23693.828988419442,414.2412321873039,9324.647562120905,262005.55497327322,,0.16768069422373605,1.0,0.33471702349982296,0.39487711255929747,,945.55,235526.53,13491.03,572.46
498,Republic of Moldova,,,29.916991871671595,69.74576692466373,117.37589118012565,,,29.916991871671595,92.51728344855633,155.19294577519204,,,1.0,0.7538674323857059,0.7563223353602226,,,231905.0,7377.0,22001.0
499,Montenegro,,,45.6828445830229,18.62499969025902,74.23112221725799,,,45.6828445830229,26.88307030129125,198.53337008808148,,,1.0,0.6928151986183074,0.37389745705885385,,,148889.59,5576.0,6928.81
504,Morocco,,190.77488632142627,37.95033214103219,173.46496173781102,146.55837610868375,,357.9059707244546,37.95033214103219,642.9223292916064,2994.9860260069117,,0.5330307452967875,1.0,0.26980702619076957,0.04893457760271551,,8770.46,1957000.0,45320.56,35526.71
508,Mozambique,,,70.15625,50.00612677619602,,,,70.15625,1034.836360619172,,,,1.0,0.048322738434003164,,,,2560.0,20488.65,
512,Oman,,,28.120348443843028,69.43049565781399,112.07344929306265,,,28.120348443843028,113.78566719941301,150.76584676990757,,,1.0,0.6101866550216279,0.7433609911938769,,,236480.0,116609.59,23049.65
516,Namibia,,,120.27082274084567,,,,,120.27082274084567,,,,,1.0,,,,,113641.86,,
524,Nepal,35.880223165115105,,47.563683748391746,83.13195246629402,81.48796512777639,129.86353615008585,,47.563683748391746,518.5459106126133,189.0470313027434,0.276291746157656,,1.0,0.16031743914069524,0.43104599192187293,1399797.09,,1214046.0,143296.28,13538.43
528,Netherlands (Kingdom of the),,,14.584380298666012,6.303582247897649,,,,14.584380298666012,6.795862004400131,,,,1.0,0.9275618374558304,,,,14685300.0,427260.0,
540,New Caledonia,,,379.99999999999994,,,,,379.99999999999994,,,,,1.0,,,,,100.0,,
548,Vanuatu,,,395.77419354838713,,,,,395.77419354838713,,,,,1.0,,,,,3100.0,,
554,New Zealand,,,24.677910096493292,,,,,24.677910096493292,,,,,1.0,,,,,21245000.0,,
558,Nicaragua,,,54.15662210020537,,,,,54.15662210020537,,,,,1.0,,,,,1372910.59,,
562,Niger,,108.61257622405974,131.74099059650175,79.20633435199403,119.80120330290738,,854.2114775765866,131.74099059650175,236.83436417189722,416.82095103806375,,0.12714951633779914,1.0,0.3344376760059411,0.28741646264313436,,109743.55,923762.6,431905.65,176378.85
566,Nigeria,,,199.01170403466503,,,,,199.01170403466503,,,,,1.0,,,,,526502.2,,
570,Niue,,,154.55163043478262,,,,,154.55163043478262,,,,,1.0,,,,,58.88,,
578,Norway,,,20.27427009923774,8.954524385655402,,,,20.27427009923774,19.639524342771818,,,,1.0,0.45594405594405596,,,,1390600.0,18753.0,
586,Pakistan,26.112136134623398,21.353488329712945,43.13387141664347,36.40747942358556,103.000030914768,69.82799444158358,57.54414225941423,43.13387141664347,418.82934990439776,3966.3595238095245,0.37394939298261215,0.3710801393728223,1.0,0.08692676249144421,0.02596840510711967,38644100.0,956000.0,23893450.0,1046000.0,42000.0
591,Panama,,,57.82504448205529,,,,,57.82504448205529,,,,,1.0,,,,,184344.0,,
598,Papua New Guinea,,,1188.329881837008,176.7515923566879,,,,1188.329881837008,405.40540540540536,,,,1.0,0.43598726114649683,,,,164.18,39.96,
600,Paraguay,,,27.42361359570662,,,,,27.42361359570662,,,,,1.0,,,,,559000.0,,
604,Peru,,,30.957573419016576,63.604721311410465,,,,30.957573419016576,447.4552829180011,,,,1.0,0.14214765975411764,,,,2201096.29,20389.3,
608,Philippines,,,41.44096064042695,,,,,41.44096064042695,,,,,1.0,,,,,29980.0,,
616,Poland,,,15.938669081476583,,,,,15.938669081476583,,,,,1.0,,,,,15482240.0,,
620,Portugal,,,16.89162368043757,51.80540786720858,28.073381418524693,,,16.89162368043757,61.38586000703482,261.01109215017067,,,1.0,0.8439306358381503,0.10755627734921279,,,1959930.0,28430.0,70320.0
624,Guinea-Bissau,,,290.63044553175087,47.61646286293519,72.98797791019831,,,290.63044553175087,299.12981817901544,379.05903336406425,,,1.0,0.15918327083807782,0.19255042483078774,,,17979.19,14271.73,6638.28
626,Timor-Leste,,,,39.43883453965181,,,,,161.3485146230104,,,,,0.2444325851514676,,,,,5460.23,
630,Puerto Rico,,,19.519021921473055,169.45449065702232,,,,19.519021921473055,291.4420485175202,,,,1.0,0.5814345991561182,,,,223838.06,59.36,
634,Qatar,,82.29041228501868,34.61333333333334,67.86220950989875,107.65316554705032,,300.7868805683054,34.61333333333334,209.98555214680835,382.5579495743406,,0.2735837817445347,1.0,0.32317561287480323,0.2814035511922635,,16261.68,7500.0,9253.97,11018.2
642,Romania,,,32.12031612689289,25.696381379688564,142.9669986621472,,,32.12031612689289,31.45019404915912,188.1197591436218,,,1.0,0.8170500105507491,0.7599786397397932,,,3618800.0,231900.0,448400.0
643,Russian Federation,,308.06306085373046,21.015592431649953,15.343943405854603,4962.310636458841,,8987.697715289984,21.015592431649953,37.42717636257407,26993.056994818657,,0.034276081663232816,1.0,0.40996796705182476,0.18383655609704974,,28.45,33559230.0,239620.0,5790.0
646,Rwanda,,,92.00906677787562,60.81713723384135,64.59201242764418,,,92.00906677787562,162.49716558915517,297.51086452958515,,,1.0,0.374265834196804,0.21710807949744976,,,182287.47,47849.45,5331.57
662,Saint Lucia,,,52.93210923791335,,,,,52.93210923791335,,,,,1.0,,,,,1031.51,,
670,Saint Vincent and the Grenadines,,,44.53826347166485,,,,,44.53826347166485,,,,,1.0,,,,,862.18,,
678,Sao Tome and Principe,,,34.301198826899,,,,,34.301198826899,,,,,1.0,,,,,583.07,,
682,Saudi Arabia,,88.05981722882538,3.1275588858442736,101.35998401394171,154.23048737108525,,699.198321099932,3.1275588858442736,303.37473319931905,1176.8071535428862,,0.12594397693961218,1.0,0.334108193339053,0.131058421005311,,136003.33,2953421.61,107898.9,83001.11
686,Senegal,,480.1803012602478,144.72826086956525,277.5907590516866,370.2275429123058,,1039.5112016293276,144.72826086956525,2359.8998052543016,3319.5708472068072,,0.4619289340101523,1.0,0.11762819694023981,0.11152873668107643,,245.5,230000.0,14352.05,12839.25
688,Serbia,,,35.47751635706161,20.97331223513379,49.778917397485145,,,35.47751635706161,35.28668973903284,1211.8159096785314,,,1.0,0.5943689359995105,0.04107795334250927,,,1383806.0,21382.0,11603.0
690,Seychelles,,,73.36379432395907,,,,,73.36379432395907,,,,,1.0,,,,,155.39,,
694,Sierra Leone,,,36.71025983741148,,,,,36.71025983741148,,,,,1.0,,,,,150614.57,,
703,Slovakia,,,13.834281961471103,,,,,13.834281961471103,,,,,1.0,,,,,913600.0,,
704,Viet Nam,56.33554710261008,,24.484020404852462,,,4709.53135419745,,24.484020404852462,,,0.01196202824988097,,1.0,,,25852.36,,1220494.0,,
705,Slovenia,,,21.588329561036858,12.707342468907132,52.13661641789626,,,21.588329561036858,80.46783625730994,1253.5526315789473,,,1.0,0.15791828213540113,0.04159108688737395,,,605290.0,1710.0,760.0
706,Somalia,,121.43786942635822,116.38591325685539,87.44285565400911,86.17655286590262,,367.517231381256,116.38591325685539,159.25103127669215,160.73915398530846,,0.3304276889819642,1.0,0.5490881594485924,0.5361267042240321,,996469.74,456982.28,375718.76,334304.36
710,South Africa,,,12.354750656167978,,,,,12.354750656167978,,,,,1.0,,,,,3810000.0,,
716,Zimbabwe,,,109.07431695794527,,,,,109.07431695794527,,,,,1.0,,,,,443101.56,,
724,Spain,,,14.990653711415163,18.229209958061894,31.245020333579195,,,14.990653711415163,25.02073453416413,210.14493300622757,,,1.0,0.7285641407997488,0.14868319633789723,,,7564500.0,470230.0,529900.0
728,South Sudan,,,141.30167049837675,80.61048367368305,240.58489458159167,,,141.30167049837675,165.14154562842137,556.0566540527458,,,1.0,0.48812964276755405,0.4326625584427779,,,2872794.77,510463.31,135646.43
729,Sudan,,1331.5989924395385,128.60483031079985,84.65297612361324,287.369578387135,,3803.0707841406247,128.60483031079985,145.01209465760058,512.2269227466244,,0.35013784071348497,1.0,0.5837649357696267,0.561020058934473,,60907.57,2913791.8,1130887.74,405926.34
740,Suriname,,,26.552895880354086,,,,,26.552895880354086,,,,,1.0,,,,,2786.89,,
748,Eswatini,,,137.5717186853053,,,,,137.5717186853053,,,,,1.0,,,,,40575.2,,
752,Sweden,,,14.14992921842237,,,,,14.14992921842237,,,,,1.0,,,,,2818530.0,,
756,Switzerland,,,19.341411655792673,8.143870719089755,18.200852406572437,,,19.341411655792673,19.33494110008348,451.25437129390303,,,1.0,0.42119966525548885,0.040333908244222144,,,3739080.75,21562.0,6577.0
760,Syrian Arab Republic,39.25477241947074,,19.00871679496363,59.101323879173435,86.86976404105354,81.44050104384134,,19.00871679496363,87.15771990126646,128.88732250099736,0.4820055367579206,,1.0,0.6780962598163912,0.6739977396953166,4790.0,,1189428.0,130047.0,741976.0
762,Tajikistan,,,81.15252570406795,20.051004168874073,,,,81.15252570406795,188.07812516442695,,,,1.0,0.10660997471845553,,,,1118500.0,57016.2,
764,Thailand,,,20.81968714685707,,,,,20.81968714685707,,,,,1.0,,,,,1278333.33,,
768,Togo,,,243.0064659956862,,,,,243.0064659956862,,,,,1.0,,,,,12837.93,,
776,Tonga,,,76.58475071509858,,,,,76.58475071509858,,,,,1.0,,,,,325.13,,
780,Trinidad and Tobago,,,368.7022900763359,,,,,368.7022900763359,,,,,1.0,,,,,1441.0,,
784,United Arab Emirates,,184.21012939694478,38.7775408670931,50.92320289429403,79.05356767051202,,314.93900821974097,38.7775408670931,140.63804969089,305.44611185971166,,0.5849073140803717,1.0,0.36208695304164645,0.2588134685663327,,89367.78,56280.0,85730.0,35132.22
788,Tunisia,,157.9800769598267,14.069312731551834,180.30827330856022,58.5456435532167,,10342.651281217835,14.069312731551834,521.1608317771003,1403.187310524888,,0.015274620855362023,1.0,0.34597433712301273,0.04172332739477,,1107.54,1387111.11,11421.81,22888.89
792,Türkiye,97.59408937405397,,16.77727365146247,43.96606178037426,112.15305570706572,221.80649386901396,,16.77727365146247,96.94728561318892,229.7706475295796,0.4399965378456745,,1.0,0.4535048248364059,0.48810871585600446,43024.89,,19961908.41,543058.01,933575.73
795,Turkmenistan,,569.8664598708634,34.35339101590188,557.8780814973619,,,648.149216421498,34.35339101590188,2563.8175467433734,,,0.8792210889602828,1.0,0.21759663912355734,,,10401.0,2589106.85,9734.0,
800,Uganda,,,47.72444155844156,,,,,47.72444155844156,,,,,1.0,,,,,3850000.0,,
804,Ukraine,,,20.087930536252426,12.152691823005673,156.17848890826468,,,20.087930536252426,14.288537549407115,369.3304347826086,,,1.0,0.8505203405865658,0.42286926340146547,,,7267100.0,151800.0,11500.0
807,North Macedonia,,,44.449197076723785,24.08839711170361,100.40799045430644,,,44.449197076723785,30.08297332510457,151.81875592042942,,,1.0,0.8007319240482649,0.6613674960354163,,,245478.0,14583.0,31670.0
818,Egypt,36.01618940836632,,17.04625421822272,246.48708057438384,182.14011005726343,69.97649092480553,,17.04625421822272,643.7907682967463,441.4520002083213,0.5146898470097357,,1.0,0.3828683055311677,0.412593237704918,1157000.0,,4445000.0,8433.33,23233.33
826,United Kingdom of Great Britain and Northern Ireland,,,16.30045369459691,,,,,16.30045369459691,,,,,1.0,,,,,15759500.0,,
834,United Republic of Tanzania,,,105.16958134474515,99.37237722782064,,,,105.16958134474515,543.488711252645,,,,1.0,0.18284165829090535,,,,4055222.0,262420.17,
840,United States of America,,,16.112134596273382,50.538608439458294,,,,16.112134596273382,504.4538329502309,,,,1.0,0.10018480411555204,,,,102653065.0,25698.09,
854,Burkina Faso,,462.68376936576226,341.2600942990215,92.49878113544666,93.37180271639599,,5391.883752446921,341.2600942990215,426.59615900795615,760.7695369646268,,0.08581115443295474,1.0,0.2168298499230546,0.12273336165501256,,265.64,229847.56,132668.33,78130.1
858,Uruguay,,,23.233459782678583,,,,,23.233459782678583,,,,,1.0,,,,,2177420.0,,
860,Uzbekistan,,,37.54354505108527,,,,,37.54354505108527,,,,,1.0,,,,,11943952.0,,
862,Venezuela (Bolivarian Republic of),,,62.17967614901131,5.36496879534331,,,,62.17967614901131,19.84467723777358,,,,1.0,0.2703479996707277,,,,3422747.0,314442.0,
882,Samoa,,,125.01670920884281,,,,,125.01670920884281,,,,,1.0,,,,,1570.99,,
887,Yemen,,1692.4566339842327,75.00298470744441,104.26759766070276,125.75604933505949,,6334.885057471265,75.00298470744441,596.2967237141241,788.5719355840469,,0.26716453710366467,1.0,0.1748585788150173,0.15947314843498672,,3480.0,276409.0,86653.0,67623.0
894,Zambia,,,33.27541494994509,,,,,33.27541494994509,,,,,1.0,,,,,542688.95,,
