m49,country,milk_t,species_n,I_nat_whole,I_nat_milk,species,I_cattle,continent,cont
4,Afghanistan,2219532.66,4,155.49859041046955,126.86304070725312,"camel,cattle,goats,sheep",122.8557583154352,Asia,Asia
8,Albania,927585.0,3,51.11035646328908,48.8802673669693,"cattle,goats,sheep",43.442465942837,Europe,Europe
12,Algeria,3313144.37,4,77.5670998001213,50.6389360574758,"camel,cattle,goats,sheep",18.888911154498185,Africa,Africa
24,Angola,220646.99,1,95.08808617783546,95.08808617783546,cattle,95.08808617783546,Africa,Africa
28,Antigua and Barbuda,2877.18,1,60.6149076526321,60.6149076526321,cattle,60.6149076526321,America,Americas
31,Azerbaijan,2283990.0,3,42.85355890349784,28.00558222603191,"cattle,goats,sheep",27.49885984088446,Asia,Asia
32,Argentina,11665405.0,1,9.673603273954056,9.673603273954056,cattle,9.673603273954056,America,Americas
36,Australia,8467000.0,1,19.288886264320304,19.288886264320304,cattle,19.288886264320304,Oceania,Oceania
40,Austria,3716970.0,3,21.15833595643764,20.30917395292494,"cattle,goats,sheep",20.370311977579583,Europe,Europe
44,Bahamas,2062.49,2,62.59424288117759,42.66061895093952,"cattle,goats",74.43370428322828,America,Americas
48,Bahrain,11010.54,3,60.29677018565847,22.8276815048996,"cattle,goats,sheep",21.408903406333195,Asia,Asia
50,Bangladesh,14068000.0,4,56.78659368780211,45.19972986993637,"buffalo,cattle,goats,sheep",43.28973557008815,Asia,Asia
51,Armenia,591600.0,3,24.0606828938472,22.40272260125512,"cattle,goats,sheep",19.136624775583485,Asia,Asia
52,Barbados,4119.33,1,52.14440212364632,52.14440212364632,cattle,52.14440212364632,America,Americas
56,Belgium,4627000.0,1,15.9727469202507,15.9727469202507,cattle,15.9727469202507,Europe,Europe
64,Bhutan,43829.0,1,80.27333500650253,80.27333500650253,cattle,80.27333500650253,Asia,Asia
68,Bolivia (Plurinational State of),637311.83,3,105.14836983333576,39.82904599405088,"cattle,goats,sheep",29.00182803941905,America,Americas
70,Bosnia and Herzegovina,583375.0,2,47.826012427683736,34.37433613529466,"cattle,sheep",33.92076027121028,Europe,Europe
72,Botswana,34152.0,2,182.05375966268448,20.22277511239699,"cattle,goats",7.637037037037037,Africa,Africa
76,Brazil,36338658.36,2,33.29176570073018,31.47515552910938,"cattle,goats",31.486249021156716,America,Americas
84,Belize,6525.0,1,67.73946360153256,67.73946360153256,cattle,67.73946360153256,America,Americas
90,Solomon Islands,3063.26,1,90.32860416680268,90.32860416680268,cattle,90.32860416680268,Oceania,Oceania
96,Brunei Darussalam,169.43,2,386.0001180428495,83.619300656532,"buffalo,cattle",179.6837565884044,Asia,Asia
100,Bulgaria,815780.0,4,40.80671259408173,36.995901951790266,"buffalo,cattle,goats,sheep",30.750835867306925,Europe,Europe
104,Myanmar,2242389.94,4,112.31266940129066,59.5843714496864,"buffalo,cattle,goats,sheep",62.5798947368421,Asia,Asia
108,Burundi,97732.6,3,283.48882563238874,87.28756637309577,"cattle,goats,sheep",126.2125280868088,Africa,Africa
112,Belarus,8347289.69,2,19.05325032513637,19.0411776787467,"cattle,goats",19.05953667026768,Europe,Europe
116,Cambodia,24329.01,1,466.6445531486896,466.6445531486896,cattle,466.6445531486896,Asia,Asia
120,Cameroon,283105.9,3,237.1469474850224,90.60560641341635,"cattle,goats,sheep",72.41548506662622,Africa,Africa
124,Canada,9886559.0,1,17.17175814153337,17.17175814153337,cattle,17.17175814153337,America,Americas
132,Cabo Verde,10439.05,2,107.13618576403027,68.78259512993613,"cattle,goats",82.24613432303934,Africa,Africa
140,Central African Republic,82464.68,1,191.4613626100289,191.4613626100289,cattle,191.4613626100289,Africa,Africa
144,Sri Lanka,535325.75,3,80.9876976775356,54.570194600237805,"buffalo,cattle,goats",51.730628439175305,Asia,Asia
148,Chad,469294.2,4,2325.3718030182345,198.5671131596233,"camel,cattle,goats,sheep",236.4202479089641,Africa,Africa
152,Chile,2232436.66,2,18.76026350507969,18.36076924830345,"cattle,goats",17.90956807121261,America,Americas
156,"China, mainland",46780165.29,5,100.06055709684732,39.958638370785806,"buffalo,camel,cattle,goats,sheep",29.615455184492397,Asia,Asia
158,"China, Taiwan Province of",483647.0,2,13.296060970087687,12.53991462788388,"cattle,goats",12.433088015849332,Asia,Asia
170,Colombia,7309000.0,1,35.182295799699,35.182295799699,cattle,35.182295799699,America,Americas
174,Comoros,13091.28,1,35.09969995294577,35.09969995294577,cattle,35.09969995294577,Africa,Africa
178,Congo,4464.75,1,35.65709166246708,35.65709166246708,cattle,35.65709166246708,Africa,Africa
180,Democratic Republic of the Congo,9831.99,1,53.55985919432383,53.55985919432383,cattle,53.55985919432383,Africa,Africa
188,Costa Rica,1390704.12,2,42.76301417730753,42.72003995860564,"cattle,goats",42.98796152228304,America,Americas
191,Croatia,479000.0,3,30.904801670146146,22.509207475329735,"cattle,goats,sheep",21.17094017094017,Europe,Europe
192,Cuba,233550.0,2,112.02526225647613,98.91800676319605,"cattle,goats",99.8123916811092,America,Americas
196,Cyprus,303910.0,1,6.106084038037577,6.106084038037577,cattle,6.106084038037577,Asia,Asia
203,Czechia,3475280.0,1,11.320699339333808,11.320699339333808,cattle,11.320699339333808,Europe,Europe
204,Benin,175044.07,2,264.672205119545,167.260202768852,"cattle,goats",196.31410139326235,Africa,Africa
208,Denmark,5687000.0,1,13.269298399859329,13.269298399859329,cattle,13.269298399859329,Europe,Europe
212,Dominica,6990.94,1,78.27273585526409,78.27273585526409,cattle,78.27273585526409,America,Americas
214,Dominican Republic,862164.34,1,47.94863123195283,47.94863123195283,cattle,47.94863123195283,America,Americas
218,Ecuador,2105318.28,3,30.624205666423045,29.499584575981903,"cattle,goats,sheep",29.250357108846774,America,Americas
222,El Salvador,416980.47,1,62.406280083093584,62.406280083093584,cattle,62.406280083093584,America,Americas
231,Ethiopia,3783826.35,4,266.297474248521,127.04515619405592,"camel,cattle,goats,sheep",128.05102384293247,Africa,Africa
232,Eritrea,147781.09,4,515.9476087231458,269.3195671177554,"camel,cattle,goats,sheep",282.0,Africa,Africa
233,Estonia,894200.0,1,12.863341534332363,12.863341534332363,cattle,12.863341534332363,Europe,Europe
234,Faroe Islands,7030.0,1,21.2375533428165,21.2375533428165,cattle,21.2375533428165,Europe,Europe
242,Fiji,12737.0,1,432.1975347413049,432.1975347413049,cattle,432.1975347413049,Oceania,Oceania
246,Finland,2239000.0,1,14.56243858865565,14.56243858865565,cattle,14.56243858865565,Europe,Europe
250,France,25050500.0,3,19.98345342408335,18.26608975792355,"cattle,goats,sheep",18.34646184521026,Europe,Europe
258,French Polynesia,529.59,1,99.13329179176344,99.13329179176344,cattle,99.13329179176344,Oceania,Oceania
262,Djibouti,15290.29,2,309.1504477678318,178.47803971772234,"camel,cattle",133.6461166977412,Africa,Africa
266,Gabon,10699.44,1,36.020576777850046,36.020576777850046,cattle,36.020576777850046,Africa,Africa
268,Georgia,601841.0,3,42.15249542653292,35.87525749708644,"cattle,goats,sheep",34.981864746655496,Asia,Asia
270,Gambia,51890.51,1,33.78267047288608,33.78267047288608,cattle,33.78267047288608,Africa,Africa
276,Germany,34012620.0,1,15.064087976756865,15.064087976756865,cattle,15.064087976756865,Europe,Europe
288,Ghana,50460.99,1,362.6325999549355,362.6325999549355,cattle,362.6325999549355,Africa,Africa
300,Greece,1962510.0,3,46.75548150073121,35.46975930077716,"cattle,goats,sheep",19.45058391326424,Europe,Europe
308,Grenada,581.13,1,101.010101010101,101.010101010101,cattle,101.010101010101,America,Americas
320,Guatemala,562260.54,2,94.8734549289196,93.9384161392282,"cattle,goats",94.24390243902438,America,Americas
324,Guinea,293050.41,3,293.8709418628693,163.60207560240644,"cattle,goats,sheep",185.56851063829788,Africa,Africa
328,Guyana,28591.0,1,100.94085551397292,100.94085551397292,cattle,100.94085551397292,America,Americas
332,Haiti,100185.3,2,237.73747246352505,176.38261228350814,"cattle,goats",302.30882404738253,America,Americas
340,Honduras,693072.71,1,53.907619591601005,53.907619591601005,cattle,53.907619591601005,America,Americas
344,"China, Hong Kong SAR",60.0,1,31.666666666666668,31.666666666666668,cattle,31.666666666666668,Asia,Asia
348,Hungary,2032110.0,3,18.16038501852754,14.555457083643203,"cattle,goats,sheep",14.457799237510912,Europe,Europe
352,Iceland,155975.0,1,25.443821125180317,25.443821125180317,cattle,25.443821125180317,Europe,Europe
356,India,239306917.23,4,48.21197035817917,29.583037950449597,"buffalo,camel,cattle,goats",31.52161087303961,Asia,Asia
360,Indonesia,1373066.29,4,213.8911297574715,93.80904297296809,"buffalo,cattle,goats,sheep",67.45368067475093,Asia,Asia
364,Iran (Islamic Republic of),8477193.72,4,58.83600357312585,26.39292701389044,"buffalo,cattle,goats,sheep",16.469172812098147,Asia,Asia
368,Iraq,362957.0,5,234.1324178897225,125.7772028732034,"buffalo,camel,cattle,goats,sheep",88.13887590681537,Asia,Asia
372,Ireland,8730710.0,1,23.881070382592025,23.881070382592025,cattle,23.881070382592025,Europe,Europe
376,Israel,1687299.0,3,5.172408683938057,4.265875770125652,"cattle,goats,sheep",3.3785207856409216,Asia,Asia
380,Italy,13587920.0,3,23.24922431100565,21.982017805387034,"cattle,goats,sheep",19.7313264369242,Europe,Europe
384,Côte d'Ivoire,37805.47,1,406.01796512515256,406.01796512515256,cattle,406.01796512515256,Africa,Africa
388,Jamaica,208692.23,2,16.112243373890824,15.186728609273988,"cattle,goats",27.073311525880317,America,Americas
392,Japan,7298933.0,1,8.933620845677032,8.933620845677032,cattle,8.933620845677032,Asia,Asia
398,Kazakhstan,3439878.4000000004,3,36.29035258920781,31.520153213802576,"camel,cattle,goats",30.28640730091396,Asia,Asia
400,Jordan,642700.96,3,33.10155317023333,25.6569250456528,"cattle,goats,sheep",4.527183239471436,Asia,Asia
404,Kenya,6068104.88,4,122.18892301017712,57.695377192179016,"camel,cattle,goats,sheep",50.09354692009197,Africa,Africa
408,Democratic People's Republic of Korea,84177.87,1,32.98016450166772,32.98016450166772,cattle,32.98016450166772,Asia,Asia
410,Republic of Korea,1938947.1,2,8.618130943335174,7.955957960626468,"cattle,goats",7.8034605705024,Asia,Asia
414,Kuwait,58790.31,3,92.07469734383098,11.69013615174578,"cattle,goats,sheep",9.233095781822596,Asia,Asia
417,Kyrgyzstan,1778261.0,2,40.97278183573728,39.93639899517329,"cattle,goats",39.08207241958739,Asia,Asia
418,Lao People's Democratic Republic,9070.36,1,511.523247147853,511.523247147853,cattle,511.523247147853,Asia,Asia
422,Lebanon,222576.0,3,35.19696642944432,27.407774822302407,"cattle,goats,sheep",15.511678789580474,Asia,Asia
426,Lesotho,225000.0,1,26.02088888888889,26.02088888888889,cattle,26.02088888888889,Africa,Africa
428,Latvia,963680.0,2,17.10163124688693,17.083546959415084,"cattle,goats",17.073208755118582,Europe,Europe
430,Liberia,8344.4,1,38.04947030343703,38.04947030343703,cattle,38.04947030343703,Africa,Africa
434,Libya,226694.58,4,272.2085371427936,88.44824575031815,"camel,cattle,goats,sheep",41.24243648446828,Africa,Africa
440,Lithuania,1472970.0,2,19.908755779140105,19.893644270906226,"cattle,goats",19.89587300723652,Europe,Europe
442,Luxembourg,469290.0,1,16.235163758017432,16.235163758017432,cattle,16.235163758017432,Europe,Europe
450,Madagascar,439077.45,1,155.05760999568528,155.05760999568528,cattle,155.05760999568528,Africa,Africa
454,Malawi,224476.33,3,330.48918788007626,90.33057167141726,"cattle,goats,sheep",107.6469585257338,Africa,Africa
458,Malaysia,46300.56,2,175.7948499974946,91.82130194522722,"buffalo,cattle",99.80085700296272,Asia,Asia
466,Mali,1114138.0,4,410.2252144707388,306.0782255697295,"camel,cattle,goats,sheep",329.2292028662001,Africa,Africa
470,Malta,40390.0,3,27.477098291656347,26.98808961019156,"cattle,goats,sheep",25.734584450402146,Europe,Europe
478,Mauritania,362460.94,4,529.2531658721628,126.87066753061646,"camel,cattle,goats,sheep",133.83421234612817,Africa,Africa
480,Mauritius,2788.0,1,51.21951219512195,51.21951219512195,cattle,51.21951219512195,Africa,Africa
484,Mexico,13909700.93,2,17.52683980963205,14.526513743640807,"cattle,goats",14.421719868936345,America,Americas
496,Mongolia,250535.57,4,1579.6371748730132,808.8882475871472,"camel,cattle,goats,sheep",414.2412321873039,Asia,Asia
498,Republic of Moldova,261283.0,3,42.23313418783465,38.40587219397048,"cattle,goats,sheep",29.916991871671595,Europe,Europe
499,Montenegro,161394.4,3,51.59534655477513,45.97362944565018,"cattle,goats,sheep",45.6828445830229,Europe,Europe
504,Morocco,2046617.73,4,104.04844875452144,43.49138988545111,"camel,cattle,goats,sheep",37.95033214103219,Africa,Africa
508,Mozambique,23048.65,2,927.689908085723,52.24418911186159,"cattle,goats",70.15625,Africa,Africa
512,Oman,376139.24,3,62.19372379228501,46.071809505044754,"cattle,goats,sheep",28.120348443843028,Asia,Asia
516,Namibia,113641.86,1,120.27082274084567,120.27082274084567,cattle,120.27082274084567,Africa,Africa
524,Nepal,2770677.8,4,114.19306856971969,43.6663009406436,"buffalo,cattle,goats,sheep",47.56368374839175,Asia,Asia
528,Netherlands (Kingdom of the),15112560.0,2,14.36418449289862,14.3502668344236,"cattle,goats",14.584380298666012,Europe,Europe
540,New Caledonia,100.0,1,380.0,380.0,cattle,380.0,Oceania,Oceania
548,Vanuatu,3100.0,1,395.77419354838713,395.77419354838713,cattle,395.77419354838713,Oceania,Oceania
554,New Zealand,21245000.0,1,24.67791009649329,24.67791009649329,cattle,24.67791009649329,Oceania,Oceania
558,Nicaragua,1372910.59,1,54.15662210020537,54.15662210020537,cattle,54.15662210020537,America,Americas
562,Niger,1641790.65,4,238.30693639289512,115.09201339346902,"camel,cattle,goats,sheep",131.74099059650175,Africa,Africa
566,Nigeria,526502.2,1,199.01170403466503,199.01170403466503,cattle,199.01170403466503,Africa,Africa
570,Niue,58.88,1,154.55163043478262,154.55163043478262,cattle,154.55163043478262,Oceania,Oceania
578,Norway,1409353.0,2,20.265824105103547,20.12364836616816,"cattle,goats",20.27427009923774,Europe,Europe
586,Pakistan,64581550.0,5,67.95674306361492,32.55603434136678,"buffalo,camel,cattle,goats,sheep",43.13387141664347,Asia,Asia
591,Panama,184344.0,1,57.82504448205529,57.82504448205529,cattle,57.82504448205529,America,Americas
598,Papua New Guinea,204.14,2,1035.0739688449105,990.3154385743766,"cattle,goats",1188.329881837008,Oceania,Oceania
600,Paraguay,559000.0,1,27.42361359570662,27.42361359570662,cattle,27.42361359570662,America,Americas
604,Peru,2221485.59,2,34.78028412509307,31.257216367644663,"cattle,goats",30.957573419016576,America,Americas
608,Philippines,29980.0,1,41.44096064042695,41.44096064042695,cattle,41.44096064042695,Asia,Asia
616,Poland,15482240.0,1,15.938669081476585,15.938669081476585,cattle,15.938669081476585,Europe,Europe
620,Portugal,2058680.0,3,25.844667456816996,17.755721106250313,"cattle,goats,sheep",16.89162368043757,Europe,Europe
624,Guinea-Bissau,38889.2,3,308.844100675766,164.2971296796167,"cattle,goats,sheep",290.63044553175087,Africa,Africa
626,Timor-Leste,5460.23,1,161.3485146230104,39.43883453965181,goats,,Asia,Asia
630,Puerto Rico,223897.42,2,19.591114538077303,19.558773024563667,"cattle,goats",19.51902192147305,America,Americas
634,Qatar,44033.850000000006,4,256.82968897791125,77.48401085110363,"camel,cattle,goats,sheep",34.61333333333334,Asia,Asia
642,Romania,4299100.0,3,48.35505105719801,43.33520807658732,"cattle,goats,sheep",32.12031612689289,Europe,Europe
643,Russian Federation,33804668.45,4,25.759190665867926,21.821966980365065,"camel,cattle,goats,sheep",21.015592431649956,Europe,Europe
646,Rwanda,235468.49,3,110.98597523600716,85.04978055837825,"cattle,goats,sheep",92.00906677787562,Africa,Africa
662,Saint Lucia,1031.51,1,52.93210923791335,52.93210923791335,cattle,52.93210923791335,America,Americas
670,Saint Vincent and the Grenadines,862.18,1,44.53826347166485,44.53826347166485,cattle,44.53826347166485,America,Americas
678,Sao Tome and Principe,583.07,1,34.301198826899,34.301198826899,cattle,34.301198826899,Africa,Africa
682,Saudi Arabia,3280324.95,4,71.56010565355729,13.703325583361666,"camel,cattle,goats,sheep",3.1275588858442736,Asia,Asia
686,Senegal,257436.8,4,427.4171369439025,163.70163355722252,"camel,cattle,goats,sheep",144.72826086956525,Africa,Africa
688,Serbia,1416791.0,3,45.1084175435897,35.37574429875306,"cattle,goats,sheep",35.47751635706161,Europe,Europe
690,Seychelles,155.39,1,73.36379432395907,73.36379432395907,cattle,73.36379432395907,Africa,Africa
694,Sierra Leone,150614.57,1,36.71025983741148,36.71025983741148,cattle,36.71025983741148,Africa,Africa
703,Slovakia,913600.0,1,13.834281961471104,13.834281961471104,cattle,13.834281961471104,Europe,Europe
704,Viet Nam,1246346.36,2,121.66369226608884,25.14470122454053,"buffalo,cattle",24.484020404852465,Asia,Asia
705,Slovenia,607760.0,3,23.29455706199816,21.60154235898946,"cattle,goats,sheep",21.588329561036858,Europe,Europe
706,Somalia,2163475.14,4,246.35157120409528,109.01839196703789,"camel,cattle,goats,sheep",116.3859132568554,Africa,Africa
710,South Africa,3810000.0,1,12.354750656167978,12.354750656167978,cattle,12.354750656167978,Africa,Africa
716,Zimbabwe,443101.56,1,109.07431695794529,109.07431695794529,cattle,109.07431695794529,Africa,Africa
724,Spain,8564630.0,3,27.615682171909352,16.174132177728993,"cattle,goats,sheep",14.990653711415163,Europe,Europe
728,South Sudan,3518904.51,3,160.7478970777755,136.32477807097086,"cattle,goats,sheep",141.30167049837675,Africa,Africa
729,Sudan,4511513.449999999,4,216.84126864345276,148.1135012195698,"camel,cattle,goats,sheep",128.60483031079983,Africa,Africa
740,Suriname,2786.89,1,26.55289588035409,26.55289588035409,cattle,26.55289588035409,America,Americas
748,Eswatini,40575.2,1,137.5717186853053,137.5717186853053,cattle,137.5717186853053,Africa,Africa
752,Sweden,2818530.0,1,14.14992921842237,14.14992921842237,cattle,14.14992921842237,Europe,Europe
756,Switzerland,3767219.75,3,20.095429792753663,19.27533034055766,"cattle,goats,sheep",19.341411655792676,Europe,Europe
760,Syrian Arab Republic,2066241.0,4,62.89948752347863,45.94757352628704,"buffalo,cattle,goats,sheep",19.00871679496363,Asia,Asia
762,Tajikistan,1175516.2,2,86.33875058463677,78.18891144494083,"cattle,goats",81.15252570406795,Asia,Asia
764,Thailand,1278333.33,1,20.81968714685707,20.81968714685707,cattle,20.81968714685707,Asia,Asia
768,Togo,12837.93,1,243.0064659956862,243.0064659956862,cattle,243.0064659956862,Africa,Africa
776,Tonga,325.13,1,76.58475071509858,76.58475071509858,cattle,76.58475071509858,Oceania,Oceania
780,Trinidad and Tobago,1441.0,1,368.7022900763359,368.7022900763359,cattle,368.7022900763359,America,Americas
784,United Arab Emirates,266510.0,4,199.300964316536,96.7611865709761,"camel,cattle,goats,sheep",38.7775408670931,Asia,Asia
788,Tunisia,1422529.35,4,48.53369106233203,16.23176413819744,"camel,cattle,goats,sheep",14.069312731551834,Africa,Africa
792,Türkiye,21481567.040000003,4,28.47119574010369,21.77145023733848,"buffalo,cattle,goats,sheep",16.77727365146247,Asia,Asia
795,Turkmenistan,2609241.85,3,46.23649586181519,38.441115105681824,"camel,cattle,goats",34.35339101590188,Asia,Asia
800,Uganda,3850000.0,1,47.72444155844156,47.72444155844156,cattle,47.72444155844156,Africa,Africa
804,Ukraine,7430400.0,3,20.50997254521964,20.13644369632554,"cattle,goats,sheep",20.087930536252426,Europe,Europe
807,North Macedonia,291731.0,3,55.38698321398824,49.50623057805945,"cattle,goats,sheep",44.449197076723785,Europe,Europe
818,Egypt,5633666.66,4,30.605129910188904,21.966468161589265,"buffalo,cattle,goats,sheep",17.04625421822272,Africa,Africa
826,United Kingdom of Great Britain and Northern Ireland,15759500.0,1,16.30045369459691,16.30045369459691,cattle,16.30045369459691,Europe,Europe
834,United Republic of Tanzania,4317642.17,2,131.80999665843083,104.8172354971762,"cattle,goats",105.16958134474515,Africa,Africa
840,United States of America,102678763.09,2,16.23435508800304,16.1207507365207,"cattle,goats",16.112134596273382,America,Americas
854,Burkina Faso,440911.63,4,444.31783303153054,222.55596755336623,"camel,cattle,goats,sheep",341.2600942990215,Africa,Africa
858,Uruguay,2177420.0,1,23.233459782678583,23.233459782678583,cattle,23.233459782678583,America,Americas
860,Uzbekistan,11943952.0,1,37.54354505108527,37.54354505108527,cattle,37.54354505108527,Asia,Asia
862,Venezuela (Bolivarian Republic of),3737189.0,2,58.617666914892446,57.39936393849638,"cattle,goats",62.17967614901131,America,Americas
882,Samoa,1570.99,1,125.0167092088428,125.0167092088428,cattle,125.0167092088428,Oceania,Oceania
887,Yemen,434165.0,4,340.3623046537607,101.71328999468574,"camel,cattle,goats,sheep",75.00298470744441,Asia,Asia
894,Zambia,542688.95,1,33.27541494994509,33.27541494994509,cattle,33.27541494994509,Africa,Africa
