country,m49,milk_t,n_species,eligible,I_ref,I_cf,reduction_abs,reduction_pct,lowest_species,cattle_lowest,donor_share,saturated,moved
Afghanistan,4,2219532.66,4,True,126.86304070725309,122.18122202131923,4.681818685933862,3.69045126132326,goats,False,0.9463516612546715,False,0.1
Albania,8,927585.0,3,True,48.880267366969306,42.538694478392394,6.341572888576913,12.97368699104582,goats,False,0.921460566956128,False,0.1
Algeria,12,3313144.37,4,True,50.6389360574758,33.592512697985065,17.04642335949074,33.662680709055266,cattle,True,0.26979440379774333,False,0.1
Angola,24,220646.99,1,False,95.08808617783546,95.08808617783546,0.0,0.0,cattle,True,0.0,False,0.0
Antigua and Barbuda,28,2877.18,1,False,60.6149076526321,60.6149076526321,0.0,0.0,cattle,True,0.0,False,0.0
Azerbaijan,31,2283990.0,3,True,28.00558222603191,27.498859840884457,0.5067223851474516,1.8093620802371326,cattle,True,0.015019330207225077,True,0.015019330207225082
Argentina,32,11665405.0,1,False,9.673603273954056,9.673603273954056,0.0,0.0,cattle,True,0.0,False,0.0
Australia,36,8467000.0,1,False,19.288886264320304,19.288886264320304,0.0,0.0,cattle,True,0.0,False,0.0
Austria,40,3716970.0,3,True,20.309173952924937,19.483002263323787,0.82617168960115,4.067972885141221,goats,False,0.9928328719360124,False,0.1
Bahamas,44,2062.4900000000002,2,True,42.66061895093951,37.90733164536799,4.753287305571519,11.142096440367839,goats,False,0.3315555469359851,False,0.1
Bahrain,48,11010.539999999999,3,True,22.827681504899594,21.408903406333195,1.4187780985663991,6.215165119865025,cattle,True,0.04379530885860276,True,0.04379530885860276
Bangladesh,50,14068000.0,4,True,45.19972986993638,43.28973557008815,1.909994299848229,4.225676359890417,cattle,True,0.1,True,0.1
Armenia,51,591600.0,3,True,22.40272260125512,19.136624775583485,3.266097825671636,14.579021861783227,cattle,True,0.05848546315077755,True,0.05848546315077755
Barbados,52,4119.33,1,False,52.14440212364632,52.14440212364632,0.0,0.0,cattle,True,0.0,False,0.0
Belgium,56,4627000.0,1,False,15.972746920250701,15.972746920250701,0.0,0.0,cattle,True,0.0,False,0.0
Bhutan,64,43829.0,1,False,80.27333500650253,80.27333500650253,0.0,0.0,cattle,True,0.0,False,0.0
Bolivia (Plurinational State of),68,637311.83,3,True,39.82904599405088,29.001828039419053,10.827217954631827,27.184226195749325,cattle,True,0.09530315795330521,True,0.09530315795330521
Bosnia and Herzegovina,70,583375.0,2,True,34.374336135294655,33.92076027121028,0.4535758640843781,1.3195189059045085,cattle,True,0.005418470109277909,True,0.005418470109277915
Botswana,72,34152.0,2,True,20.22277511239699,14.212874011310676,6.0099011010863155,29.71847863452785,cattle,True,0.20941672522839072,False,0.1
Brazil,76,36338658.36,2,True,31.47515552910938,30.25357183963235,1.221583689477029,3.881104537663884,goats,False,0.9990918762142214,False,0.1
Belize,84,6525.0,1,False,67.73946360153256,67.73946360153256,0.0,0.0,cattle,True,0.0,False,0.0
Solomon Islands,90,3063.26,1,False,90.32860416680268,90.32860416680268,0.0,0.0,cattle,True,0.0,False,0.0
Brunei Darussalam,96,169.43,2,True,83.619300656532,70.87264800672612,12.746652649805881,15.243672871844526,buffalo,False,0.24635542702000826,False,0.1
Bulgaria,100,815780.0,4,True,36.99590195179028,30.82711725196384,6.168784699826439,16.67423788684769,cattle,True,0.10908578293167276,False,0.1
Myanmar,104,2242389.94,4,True,59.584371449686394,55.6507787736177,3.9335926760686917,6.601718840636347,buffalo,False,0.8528355866598296,False,0.1
Burundi,108,97732.6,3,True,87.28756637309579,77.52344982992065,9.764116543175135,11.186148209746262,goats,False,0.3872792701718771,False,0.1
Belarus,112,8347289.69,2,True,19.041177678746696,18.10041195121072,0.9407657275359753,4.940690872214461,goats,False,0.998048505490409,False,0.1
Cambodia,116,24329.01,1,False,466.6445531486896,466.6445531486896,0.0,0.0,cattle,True,0.0,False,0.0
Cameroon,120,283105.89999999997,3,True,90.60560641341637,77.74420557040419,12.861400843012177,14.19492827444697,cattle,True,0.2768051107377134,False,0.1
Canada,124,9886559.0,1,False,17.17175814153337,17.17175814153337,0.0,0.0,cattle,True,0.0,False,0.0
Cabo Verde,132,10439.05,2,True,68.78259512993611,66.37474318495462,2.4078519449814877,3.5006703955162677,goats,False,0.440848544647262,False,0.1
Central African Republic,140,82464.68,1,False,191.46136261002894,191.46136261002894,0.0,0.0,cattle,True,0.0,False,0.0
Sri Lanka,144,535325.75,3,True,54.57019460023781,52.51482636303662,2.0553682372011934,3.7664667539819185,goats,False,0.9700261943312086,False,0.1
Chad,148,469294.2,4,True,198.5671131596233,171.74671533289379,26.820397826729504,13.506968701896389,goats,False,0.7390040192271712,False,0.1
Chile,152,2232436.66,2,True,18.360769248303445,17.909568071212608,0.4512011770908373,2.457419789928076,cattle,True,0.0036335454193804537,True,0.003633545419380449
"China, mainland",156,46780165.29,5,True,39.958638370785806,29.46006353840184,10.498574832383966,26.27360505872389,goats,False,0.9953492635468197,False,0.1
"China, Taiwan Province of",158,483647.0,2,True,12.539914627883883,12.433088015849332,0.1068266120345509,0.8518926580011171,cattle,True,0.023153250201076406,True,0.023153250201076406
Colombia,170,7309000.0,1,False,35.182295799699,35.182295799699,0.0,0.0,cattle,True,0.0,False,0.0
Comoros,174,13091.28,1,False,35.09969995294577,35.09969995294577,0.0,0.0,cattle,True,0.0,False,0.0
Congo,178,4464.75,1,False,35.65709166246708,35.65709166246708,0.0,0.0,cattle,True,0.0,False,0.0
Democratic Republic of the Congo,180,9831.99,1,False,53.55985919432383,53.55985919432383,0.0,0.0,cattle,True,0.0,False,0.0
Costa Rica,188,1390704.12,2,True,42.72003995860564,40.476831466174474,2.2432084924311653,5.250951297341396,goats,False,0.9880563235837684,False,0.1
Croatia,191,479000.0,3,True,22.50920747532974,21.17094017094017,1.3382673043895714,5.945421694017092,cattle,True,0.022964509394572025,True,0.022964509394572022
Cuba,192,233550.0,2,True,98.91800676319603,91.32223957851905,7.595767184676987,7.678851842274595,goats,False,0.9882252194390923,False,0.1
Cyprus,196,303910.0,1,False,6.106084038037577,6.106084038037577,0.0,0.0,cattle,True,0.0,False,0.0
Czechia,203,3475280.0,1,False,11.320699339333808,11.320699339333808,0.0,0.0,cattle,True,0.0,False,0.0
Benin,204,175044.07,2,True,167.260202768852,153.9367285655242,13.323474203327805,7.965716878712865,goats,False,0.7819345151195353,False,0.1
Denmark,208,5687000.0,1,False,13.269298399859329,13.269298399859329,0.0,0.0,cattle,True,0.0,False,0.0
Dominica,212,6990.94,1,False,78.27273585526409,78.27273585526409,0.0,0.0,cattle,True,0.0,False,0.0
Dominican Republic,214,862164.34,1,False,47.94863123195283,47.94863123195283,0.0,0.0,cattle,True,0.0,False,0.0
Ecuador,218,2105318.28,3,True,29.499584575981903,29.250357108846785,0.24922746713511756,0.8448507689767084,cattle,True,0.0024311193460021642,True,0.002431119346002153
El Salvador,222,416980.47,1,False,62.406280083093584,62.406280083093584,0.0,0.0,cattle,True,0.0,False,0.0
Ethiopia,231,3783826.3499999996,4,True,127.0451561940559,117.16918646153638,9.875969732519522,7.773590137851782,camel,False,0.9383558735458355,False,0.1
Eritrea,232,147781.09,4,True,269.3195671177554,249.56671836612793,19.752848751627482,7.334353371729164,goats,False,0.935769454671095,False,0.1
Estonia,233,894200.0,1,False,12.863341534332365,12.863341534332365,0.0,0.0,cattle,True,0.0,False,0.0
Faroe Islands,234,7030.0,1,False,21.2375533428165,21.2375533428165,0.0,0.0,cattle,True,0.0,False,0.0
Fiji,242,12737.0,1,False,432.1975347413049,432.1975347413049,0.0,0.0,cattle,True,0.0,False,0.0
Finland,246,2239000.0,1,False,14.56243858865565,14.56243858865565,0.0,0.0,cattle,True,0.0,False,0.0
France,250,25050500.0,3,True,18.26608975792355,16.978555629863216,1.287534128060333,7.048767115040702,goats,False,0.9713339055108681,False,0.1
French Polynesia,258,529.59,1,False,99.13329179176343,99.13329179176343,0.0,0.0,cattle,True,0.0,False,0.0
Djibouti,262,15290.29,2,True,178.47803971772234,167.2945867574923,11.183452960230028,6.266010640814734,cattle,True,0.4008772887891596,False,0.1
Gabon,266,10699.44,1,False,36.020576777850046,36.020576777850046,0.0,0.0,cattle,True,0.0,False,0.0
Georgia,268,601841.0,3,True,35.875257497086444,34.981864746655496,0.893392750430948,2.4902755067430626,cattle,True,0.016449527366862678,True,0.016449527366862685
Gambia,270,51890.51,1,False,33.78267047288608,33.78267047288608,0.0,0.0,cattle,True,0.0,False,0.0
Germany,276,34012620.0,1,False,15.064087976756863,15.064087976756863,0.0,0.0,cattle,True,0.0,False,0.0
Ghana,288,50460.99,1,False,362.6325999549355,362.6325999549355,0.0,0.0,cattle,True,0.0,False,0.0
Greece,300,1962510.0,3,True,35.46975930077716,32.52741422296977,2.9423450778073956,8.295362403947657,cattle,True,0.6587940953167117,False,0.1
Grenada,308,581.13,1,False,101.01010101010101,101.01010101010101,0.0,0.0,cattle,True,0.0,False,0.0
Guatemala,320,562260.54,2,True,93.9384161392282,87.35882372210371,6.579592417124488,7.004155155621029,goats,False,0.9953570634709666,False,0.1
Guinea,324,293050.41,3,True,163.60207560240647,151.4786475382669,12.123428064139574,7.41031433708855,goats,False,0.8582520665983714,False,0.1
Guyana,328,28591.0,1,False,100.94085551397293,100.94085551397293,0.0,0.0,cattle,True,0.0,False,0.0
Haiti,332,100185.3,2,True,176.3826122835082,152.6039041349607,23.77870814854751,13.481322133004161,goats,False,0.4704245033952087,False,0.1
Honduras,340,693072.71,1,False,53.907619591601005,53.907619591601005,0.0,0.0,cattle,True,0.0,False,0.0
"China, Hong Kong SAR",344,60.0,1,False,31.666666666666668,31.666666666666668,0.0,0.0,cattle,True,0.0,False,0.0
Hungary,348,2032110.0,3,True,14.555457083643205,14.457799237510912,0.097657846132293,0.6709363063701839,cattle,True,0.002234131026371604,True,0.0022341310263716135
Iceland,352,155975.0,1,False,25.443821125180314,25.443821125180314,0.0,0.0,cattle,True,0.0,False,0.0
India,356,239306917.23,4,True,29.583037950449594,28.741142280178707,0.8418956702708869,2.845872934622294,goats,False,0.9673826394558499,False,0.1
Indonesia,360,1373066.29,4,True,93.80904297296809,80.40255269934346,13.406490273624627,14.291255777428438,cattle,True,0.42655763546565545,False,0.1
Iran (Islamic Republic of),364,8477193.72,4,True,26.39292701389044,16.469172812098147,9.923754201792292,37.60005169782601,cattle,True,0.09706782069385103,True,0.09706782069385103
Iraq,368,362957.0,5,True,125.77720287320341,104.95852852123238,20.818674351971026,16.552025229053974,buffalo,False,0.8815231556355161,False,0.1
Ireland,372,8730710.0,1,False,23.881070382592025,23.881070382592025,0.0,0.0,cattle,True,0.0,False,0.0
Israel,376,1687299.0,3,True,4.265875770125652,3.378520785640921,0.8873549844847304,20.801238299037323,cattle,True,0.024238738954980712,True,0.024238738954980715
Italy,380,13587920.0,3,True,21.982017805387034,19.7313264369242,2.250691368462835,10.238784211662628,cattle,True,0.03892795954053307,True,0.03892795954053307
Côte d'Ivoire,384,37805.47,1,False,406.01796512515256,406.01796512515256,0.0,0.0,cattle,True,0.0,False,0.0
Jamaica,388,208692.23,2,True,15.186728609273985,14.563681480536598,0.6230471287373867,4.10257630044771,goats,False,0.049805400038132705,True,0.049805400038132705
Japan,392,7298933.0,1,False,8.933620845677032,8.933620845677032,0.0,0.0,cattle,True,0.0,False,0.0
Kazakhstan,398,3439878.4000000004,3,True,31.520153213802576,30.286407300913954,1.2337459128886223,3.914149479287331,cattle,True,0.005657990701066642,True,0.005657990701066637
Jordan,400,642700.96,3,True,25.656925045652805,16.94017369154075,8.716751354112056,33.974263629027455,cattle,True,0.24443871999195396,False,0.1
Kenya,404,6068104.88,4,True,57.69537719217902,52.909708505850986,4.785668686328037,8.294717738628053,cattle,True,0.22452559850943116,False,0.1
Democratic People's Republic of Korea,408,84177.87,1,False,32.980164501667716,32.980164501667716,0.0,0.0,cattle,True,0.0,False,0.0
Republic of Korea,410,1938947.1,2,True,7.955957960626467,7.803460570502399,0.1524973901240676,1.916769682277955,cattle,True,0.004659281318195839,True,0.004659281318195846
Kuwait,414,58790.31,3,True,11.690136151745781,9.395979050950164,2.2941571007956174,19.624725247130783,cattle,True,0.10872284905454657,False,0.1
Kyrgyzstan,417,1778261.0,2,True,39.93639899517329,39.08207241958739,0.8543265755859011,2.139217849083376,cattle,True,0.0003644009512664339,True,0.0003644009512664276
Lao People's Democratic Republic,418,9070.36,1,False,511.523247147853,511.523247147853,0.0,0.0,cattle,True,0.0,False,0.0
Lebanon,422,222576.0,3,True,27.407774822302407,19.35843825654707,8.049336565755336,29.368807274370138,cattle,True,0.15192563439005105,False,0.1
Lesotho,426,225000.0,1,False,26.02088888888889,26.02088888888889,0.0,0.0,cattle,True,0.0,False,0.0
Latvia,428,963680.0,2,True,17.083546959415084,17.073208755118582,0.01033820429650234,0.060515561089640985,cattle,True,0.0015565332890586086,True,0.0015565332890586092
Liberia,430,8344.4,1,False,38.049470303437026,38.049470303437026,0.0,0.0,cattle,True,0.0,False,0.0
Libya,434,226694.58000000002,4,True,88.44824575031814,75.23393618607942,13.214309564238718,14.940160149181011,cattle,True,0.37258252932205077,False,0.1
Lithuania,440,1472970.0,2,True,19.893644270906226,19.769762695342504,0.12388157556372192,0.622719366430486,goats,False,0.9982009138000095,False,0.1
Luxembourg,442,469290.0,1,False,16.235163758017432,16.235163758017432,0.0,0.0,cattle,True,0.0,False,0.0
Madagascar,450,439077.45,1,False,155.05760999568528,155.05760999568528,0.0,0.0,cattle,True,0.0,False,0.0
Malawi,454,224476.33000000002,3,True,90.33057167141723,85.70527022597935,4.625301445437884,5.120416443574264,sheep,False,0.9666470402469605,False,0.1
Malaysia,458,46300.56,2,True,91.82130194522723,85.85140420089427,5.969897744332968,6.50164789418266,buffalo,False,0.8663368218440555,False,0.1
Mali,466,1114138.0,4,True,306.0782255697295,270.7577972807501,35.32042828897943,11.5396736318745,camel,False,0.7367175340936221,False,0.1
Malta,470,40390.0,3,True,26.98808961019157,25.734584450402146,1.2535051597894231,4.644660581370159,cattle,True,0.07650408516959643,True,0.07650408516959643
Mauritania,478,362460.93999999994,4,True,126.8706675306165,115.9851808118766,10.885486718739898,8.579986950973524,goats,False,0.7045574621088828,False,0.1
Mauritius,480,2788.0,1,False,51.21951219512195,51.21951219512195,0.0,0.0,cattle,True,0.0,False,0.0
Mexico,484,13909700.93,2,True,14.526513743640805,14.421719868936343,0.10479387470446255,0.7213972777903275,cattle,True,0.01253184240820338,True,0.012531842408203375
Mongolia,496,250535.56999999998,4,True,808.8882475871472,414.2412321873039,394.6470153998433,48.78881805701166,cattle,True,0.059907820673926665,True,0.05990782067392667
Republic of Moldova,498,261283.0,3,True,38.40587219397049,30.41236114670942,7.9935110472610695,20.813252220622676,cattle,True,0.11243747201310457,False,0.1
Montenegro,499,161394.4,3,True,45.97362944565018,42.04224114636016,3.9313882992900204,8.55139858804859,goats,False,0.9654510937182454,False,0.1
Morocco,504,2046617.73,4,True,43.49138988545111,37.95033214103219,5.5410577444189215,12.740585571105271,cattle,True,0.043788211489792964,True,0.043788211489792964
Mozambique,508,23048.65,2,True,52.24418911186159,50.22917678948119,2.0150123223804,3.8569118530407227,goats,False,0.11106941187444817,False,0.1
Oman,512,376139.24,3,True,46.071809505044754,39.327653021946034,6.74415648309872,14.638358153395844,cattle,True,0.37129665067648887,False,0.1
Namibia,516,113641.86,1,False,120.27082274084567,120.27082274084567,0.0,0.0,cattle,True,0.0,False,0.0
Nepal,524,2770677.8,4,True,43.66630094064359,40.49263975615047,3.1736611844931204,7.267987249039337,buffalo,False,0.4947817137019686,False,0.1
Netherlands (Kingdom of the),528,15112560.0,2,True,14.350266834423602,13.522187029346766,0.8280798050768361,5.77048367553994,goats,False,0.9717281519477838,False,0.1
New Caledonia,540,100.0,1,False,379.99999999999994,379.99999999999994,0.0,0.0,cattle,True,0.0,False,0.0
Vanuatu,548,3100.0,1,False,395.77419354838713,395.77419354838713,0.0,0.0,cattle,True,0.0,False,0.0
New Zealand,554,21245000.0,1,False,24.677910096493292,24.677910096493292,0.0,0.0,cattle,True,0.0,False,0.0
Nicaragua,558,1372910.59,1,False,54.15662210020537,54.15662210020537,0.0,0.0,cattle,True,0.0,False,0.0
Niger,562,1641790.6500000001,4,True,115.09201339346902,109.83854776901825,5.253465624450769,4.5645787831433315,goats,False,0.7369301317436543,False,0.1
Nigeria,566,526502.2,1,False,199.01170403466503,199.01170403466503,0.0,0.0,cattle,True,0.0,False,0.0
Niue,570,58.88,1,False,154.55163043478262,154.55163043478262,0.0,0.0,cattle,True,0.0,False,0.0
Norway,578,1409353.0,2,True,20.12364836616816,18.99167379480993,1.1319745713582314,5.625096159309288,goats,False,0.9866938942905007,False,0.1
Pakistan,586,64581550.0,5,True,32.55603434136679,30.339062642271657,2.216971699095133,6.809710531230686,camel,False,0.985197010601325,False,0.1
Panama,591,184344.0,1,False,57.82504448205529,57.82504448205529,0.0,0.0,cattle,True,0.0,False,0.0
Papua New Guinea,598,204.14000000000001,2,True,990.3154385743766,889.1576096263445,101.15782894803203,10.214707860523239,goats,False,0.8042519839325952,False,0.1
Paraguay,600,559000.0,1,False,27.42361359570662,27.42361359570662,0.0,0.0,cattle,True,0.0,False,0.0
Peru,604,2221485.59,2,True,31.25721636764466,30.957573419016583,0.29964294862807606,0.9586360637610905,cattle,True,0.00917822744013388,True,0.009178227440133885
Philippines,608,29980.0,1,False,41.44096064042695,41.44096064042695,0.0,0.0,cattle,True,0.0,False,0.0
Poland,616,15482240.0,1,False,15.938669081476583,15.938669081476583,0.0,0.0,cattle,True,0.0,False,0.0
Portugal,620,2058680.0,3,True,17.755721106250313,16.89162368043757,0.8640974258127443,4.866585933863128,cattle,True,0.04796762974333068,True,0.04796762974333068
Guinea-Bissau,624,38889.2,3,True,164.2971296796167,139.99573141273513,24.301398266881563,14.791127705194768,goats,False,0.633015593018113,False,0.1
Timor-Leste,626,5460.23,1,False,39.43883453965181,39.43883453965181,0.0,0.0,goats,False,0.0,False,0.0
Puerto Rico,630,223897.41999999998,2,True,19.55877302456367,19.519021921473055,0.039751103090615914,0.20323924737350801,cattle,True,0.00026512141140349005,True,0.00026512141140348777
Qatar,634,44033.850000000006,4,True,77.48401085110363,70.18002762973194,7.303983221371695,9.42643926294332,cattle,True,0.8296764875203961,False,0.1
Romania,642,4299100.0,3,True,43.33520807658733,31.60814634834146,11.727061728245868,27.061279381698956,goats,False,0.9460584773557257,False,0.1
Russian Federation,643,33804668.45,4,True,21.82196698036507,20.408224781879706,1.4137421984853624,6.47852780529554,goats,False,0.9929116299319893,False,0.1
Rwanda,646,235468.49,3,True,85.04978055837825,81.93058760397483,3.1191929544034167,3.6674908905407464,goats,False,0.7967904325542666,False,0.1
Saint Lucia,662,1031.51,1,False,52.93210923791335,52.93210923791335,0.0,0.0,cattle,True,0.0,False,0.0
Saint Vincent and the Grenadines,670,862.18,1,False,44.53826347166485,44.53826347166485,0.0,0.0,cattle,True,0.0,False,0.0
Sao Tome and Principe,678,583.07,1,False,34.301198826899,34.301198826899,0.0,0.0,cattle,True,0.0,False,0.0
Saudi Arabia,682,3280324.9499999997,4,True,13.703325583361666,3.1275588858442736,10.575766697517393,77.17664324022411,cattle,True,0.09965577952879334,True,0.09965577952879334
Senegal,686,257436.8,4,True,163.70163355722252,145.60207592989119,18.099557627331336,11.056430674532377,cattle,True,0.10657683749953387,False,0.1
Serbia,688,1416791.0,3,True,35.37574429875306,33.80820064377286,1.5675436549802058,4.4311255806862535,goats,False,0.9849081480613584,False,0.1
Seychelles,690,155.39,1,False,73.36379432395907,73.36379432395907,0.0,0.0,cattle,True,0.0,False,0.0
Sierra Leone,694,150614.57,1,False,36.71025983741148,36.71025983741148,0.0,0.0,cattle,True,0.0,False,0.0
Slovakia,703,913600.0,1,False,13.834281961471103,13.834281961471103,0.0,0.0,cattle,True,0.0,False,0.0
Viet Nam,704,1246346.36,2,True,25.14470122454053,24.48402040485246,0.6606808196880714,2.627515092695813,cattle,True,0.02074251655053576,True,0.02074251655053576
Slovenia,705,607760.0,3,True,21.601542358989455,20.67524321208527,0.926299146904185,4.288115781319229,goats,False,0.9971863893642228,False,0.1
Somalia,706,2163475.1399999997,4,True,109.0183919670379,105.49226031099235,3.52613165604555,3.2344374122778183,sheep,False,0.8454780672913118,False,0.1
South Africa,710,3810000.0,1,False,12.354750656167978,12.354750656167978,0.0,0.0,cattle,True,0.0,False,0.0
Zimbabwe,716,443101.56,1,False,109.07431695794527,109.07431695794527,0.0,0.0,cattle,True,0.0,False,0.0
Spain,724,8564630.0,3,True,16.174132177728996,15.044978727240364,1.1291534504886318,6.981230511046657,cattle,True,0.11677445493850873,False,0.1
South Sudan,728,3518904.5100000002,3,True,136.32477807097084,126.42849816048107,9.896279910489767,7.259340561946671,goats,False,0.8549368678378828,False,0.1
Sudan,729,4511513.45,4,True,148.11350121956977,113.74424894626144,34.369252273308334,23.204672086144186,goats,False,0.7493329561058938,False,0.1
Suriname,740,2786.89,1,False,26.552895880354086,26.552895880354086,0.0,0.0,cattle,True,0.0,False,0.0
Eswatini,748,40575.2,1,False,137.5717186853053,137.5717186853053,0.0,0.0,cattle,True,0.0,False,0.0
Sweden,752,2818530.0,1,False,14.14992921842237,14.14992921842237,0.0,0.0,cattle,True,0.0,False,0.0
Switzerland,756,3767219.75,3,True,19.275330340557666,18.15557624688737,1.119754093670295,5.809260198846993,goats,False,0.9942764156510913,False,0.1
Syrian Arab Republic,760,2066241.0,4,True,45.947573526287044,39.161468801678055,6.78610472460899,14.76923415928938,cattle,True,0.4243517576120114,False,0.1
Tajikistan,762,1175516.2,2,True,78.18891144494084,72.07875929142146,6.11015215351938,7.814601892522872,goats,False,0.9514968828162471,False,0.1
Thailand,764,1278333.33,1,False,20.81968714685707,20.81968714685707,0.0,0.0,cattle,True,0.0,False,0.0
Togo,768,12837.93,1,False,243.0064659956862,243.0064659956862,0.0,0.0,cattle,True,0.0,False,0.0
Tonga,776,325.13,1,False,76.58475071509858,76.58475071509858,0.0,0.0,cattle,True,0.0,False,0.0
Trinidad and Tobago,780,1441.0,1,False,368.7022900763359,368.7022900763359,0.0,0.0,cattle,True,0.0,False,0.0
United Arab Emirates,784,266510.0,4,True,96.7611865709761,82.21792771799092,14.543258852985176,15.030054269040438,cattle,True,0.7888259352369517,False,0.1
Tunisia,788,1422529.35,4,True,16.23176413819744,14.069312731551834,2.162451406645607,13.322343697422344,cattle,True,0.02489807328052669,True,0.024898073280526692
Türkiye,792,21481567.040000003,4,True,21.771450237338478,16.777273651462465,4.994176585876012,22.939108472024973,cattle,True,0.07074244756773572,True,0.07074244756773572
Turkmenistan,795,2609241.85,3,True,38.441115105681824,34.35339101590188,4.087724089779947,10.63372922076279,cattle,True,0.0077168009550360375,True,0.007716800955036046
Uganda,800,3850000.0,1,False,47.72444155844156,47.72444155844156,0.0,0.0,cattle,True,0.0,False,0.0
Ukraine,804,7430400.0,3,True,20.136443696325543,19.132293018734966,1.0041506775905766,4.986732973975002,goats,False,0.9795704134366925,False,0.1
North Macedonia,807,291731.0,3,True,49.506230578059444,41.874271243799164,7.63195933426028,15.41615922914291,goats,False,0.9500121687444941,False,0.1
Egypt,818,5633666.66,4,True,21.966468161589262,19.151792418556564,2.814675743032698,12.813510676033308,cattle,True,0.21099343140760124,False,0.1
United Kingdom of Great Britain and Northern Ireland,826,15759500.0,1,False,16.30045369459691,16.30045369459691,0.0,0.0,cattle,True,0.0,False,0.0
United Republic of Tanzania,834,4317642.17,2,True,104.81723549717623,104.23751508548378,0.579720411692449,0.5530773721923496,goats,False,0.9392214176933519,False,0.1
United States of America,840,102678763.09,2,True,16.1207507365207,16.112134596273382,0.008616140247319493,0.05344751239035094,cattle,True,0.0002502765832645949,True,0.000250276583264597
Burkina Faso,854,440911.63,4,True,222.5559675533663,197.60668102210838,24.94928653125791,11.210342641239386,goats,False,0.6991044894869297,False,0.1
Uruguay,858,2177420.0,1,False,23.233459782678583,23.233459782678583,0.0,0.0,cattle,True,0.0,False,0.0
Uzbekistan,860,11943952.0,1,False,37.54354505108527,37.54354505108527,0.0,0.0,cattle,True,0.0,False,0.0
Venezuela (Bolivarian Republic of),862,3737189.0,2,True,57.39936393849638,51.717893203129584,5.681470735366794,9.898142323414088,goats,False,0.9158613599686823,False,0.1
Samoa,882,1570.99,1,False,125.01670920884281,125.01670920884281,0.0,0.0,cattle,True,0.0,False,0.0
Yemen,887,434165.0,4,True,101.71328999468574,84.08027382575463,17.633016168931107,17.336000211823244,cattle,True,0.3633549457003674,False,0.1
Zambia,894,542688.95,1,False,33.27541494994509,33.27541494994509,0.0,0.0,cattle,True,0.0,False,0.0
