boundary,m49,country,two_struct,two_within,three_species_mix,world_delta
milk,4,Afghanistan,-1.38573762325775,0.2566648754837909,-1.4303083168600317,-0.6414958752157034
milk,8,Albania,-1.3844825677576431,0.26624987439513503,-1.4289624244132564,-0.6361680652781203
milk,12,Algeria,-1.3828630588282855,0.2512625123870369,-1.427447450437901,-0.6481519815087324
milk,24,Angola,-1.3832830232621425,0.2649633297568935,-1.427785767274452,-0.640741560020242
milk,28,Antigua and Barbuda,-1.3829696714485529,0.2643819536916553,-1.4274635009816805,-0.6414073836642977
milk,31,Azerbaijan,-1.3861310128950994,0.2671601238369028,-1.4307215070737496,-0.6407174048373783
milk,32,Argentina,-1.4000967862024745,0.2700444210384686,-1.4450192374318607,-0.6560495269576734
milk,36,Australia,-1.3959473272900185,0.2568904909999865,-1.4405305847237777,-0.6709952875125111
milk,40,Austria,-1.3885120380631077,0.25989498225105556,-1.433084842754969,-0.6533470177487359
milk,44,Bahamas,-1.382968241256344,0.26436356384892445,-1.4274620633330553,-0.6414310930523612
milk,48,Bahrain,-1.3829811229229942,0.26435128678933095,-1.4274753753173741,-0.6414535189242052
milk,50,Bangladesh,-1.401325551577803,0.4321161153863187,-1.4472213787873562,-0.5490810412321494
milk,51,Armenia,-1.3834419960036977,0.26391406343455015,-1.4279396781553575,-0.642843383516265
milk,52,Barbados,-1.3829713437369489,0.264373107242437,-1.4274652671114356,-0.641423089486814
milk,56,Belgium,-1.3896485288969584,0.2689430298996902,-1.4343344702321175,-0.6423740767582657
milk,64,Bhutan,-1.3830399102013964,0.2645650246150667,-1.4275311688158396,-0.6403491836776816
milk,68,Bolivia (Plurinational State of),-1.3836387097170189,0.2644231155932697,-1.4281571367318624,-0.6415513043509584
milk,70,Bosnia and Herzegovina,-1.382746861077135,0.2722114375978718,-1.427237675374622,-0.6319181177399464
milk,72,Botswana,-1.3827970944527677,0.2641206534506545,-1.4272921620309311,-0.6415183878172179
milk,76,Brazil,-1.438332446722446,0.29617603182609564,-1.4839654403811378,-0.641919443254011
milk,84,Belize,-1.3829735033995532,0.26454783011361116,-1.427468013243421,-0.6413485401866161
milk,90,Solomon Islands,-1.3829698736733864,0.2643656735747508,-1.4274637353771198,-0.6414232358518177
milk,96,Brunei Darussalam,-1.382966404306804,0.2643656297104683,-1.4274601538087717,-0.6414249327534876
milk,100,Bulgaria,-1.3833579050809404,0.26326459428252535,-1.4278237047897548,-0.6407569362715009
milk,104,Myanmar,-1.386245942313258,0.274325063470241,-1.4308500466293517,-0.6345655731240463
milk,108,Burundi,-1.3820484480658808,0.26305317788672833,-1.4265507942708455,-0.6408583724397197
milk,112,Belarus,-1.3948458807305824,0.28364974468613624,-1.43976446789661,-0.6283843070259856
milk,116,Cambodia,-1.3830010025572637,0.2650681549466367,-1.4274955337536894,-0.6401417078862295
milk,120,Cameroon,-1.3831624252928916,0.2662607426474106,-1.4276699332114544,-0.639784312279378
milk,124,Canada,-1.3974118141629899,0.274772583094794,-1.4422853582798727,-0.6443701386597809
milk,132,Cabo Verde,-1.3829754950061353,0.26437063689638884,-1.427469712626067,-0.641425987003025
milk,140,Central African Republic,-1.3830857249468742,0.26387109494967376,-1.4275822304804746,-0.6413539727600153
milk,144,Sri Lanka,-1.384037983796481,0.2647745107352174,-1.4285526276837692,-0.6414268229853484
milk,148,Chad,-1.3835209899984526,0.2622146723609178,-1.428042074947058,-0.6476777691748836
milk,152,Chile,-1.3863862939940323,0.2627205580408293,-1.430917152887013,-0.6485096673774216
milk,156,"China, mainland",-1.3923172822035492,0.26792726398448297,-1.440790420540307,-0.6917414475017765
milk,158,"China, Taiwan Province of",-1.383639085737827,0.26465038615210057,-1.4281571133796993,-0.6414378075130855
milk,170,Colombia,-1.3935749950529042,0.27341951265650455,-1.4383644626208079,-0.6383932781159203
milk,174,Comoros,-1.3829845550394602,0.26436784838275273,-1.427478731512276,-0.6414353543307563
milk,178,Congo,-1.3829719466863462,0.2643666643081837,-1.4274658444288926,-0.6414304393378956
milk,180,Democratic Republic of the Congo,-1.3829787425571543,0.26435769610277593,-1.4274732070722582,-0.6414688314063532
milk,188,Costa Rica,-1.3849066602035847,0.2755793347950133,-1.4294916969597715,-0.6333137606399539
milk,191,Croatia,-1.383687692429341,0.26698128510140884,-1.428160191100013,-0.6401747376249567
milk,192,Cuba,-1.383407300208601,0.24639145433570486,-1.4278501639647856,-0.6483609637835173
milk,196,Cyprus,-1.3833895190778212,0.26468489222434377,-1.4279006796097142,-0.6410637164870359
milk,203,Czechia,-1.387920088418361,0.26780859316469396,-1.4325801286091235,-0.6407689760104276
milk,204,Benin,-1.384066000840477,0.2681980992318166,-1.4285706954355462,-0.6445246303212215
milk,208,Denmark,-1.391327929897552,0.2689357784158667,-1.436005915805067,-0.6474612041961834
milk,212,Dominica,-1.3829756412281413,0.2643644753112555,-1.4274696197160275,-0.6414178157763182
milk,214,Dominican Republic,-1.3842506002697093,0.2626626687665127,-1.4287632500299843,-0.6425957228783545
milk,218,Ecuador,-1.386311034346818,0.26751478849165666,-1.4308115507902905,-0.6405177719408428
milk,222,El Salvador,-1.3835714520858606,0.2649893247646109,-1.4280800606333937,-0.6406433445091118
milk,231,Ethiopia,-1.388076290488969,0.17043855810573705,-1.432682818297269,-0.7183081486175027
milk,232,Eritrea,-1.383157610241112,0.26439990517793377,-1.4276560473753617,-0.6395382986795823
milk,233,Estonia,-1.3842423880594112,0.26539317930605466,-1.4287767467415817,-0.6412668839949909
milk,234,Faroe Islands,-1.382976094561348,0.26436374160784915,-1.4274699256923413,-0.6414462973413961
milk,242,Fiji,-1.382983814655631,0.2628194768346923,-1.4274780631609165,-0.6428628292954741
milk,246,Finland,-1.3863750811008015,0.2652519508312854,-1.4308927285591158,-0.6476195397210596
milk,250,France,-1.4213210877988234,0.2842781394248468,-1.4662513550270766,-0.6807222568029836
milk,258,French Polynesia,-1.3829663886200043,0.26434340763583397,-1.4274600866754776,-0.6414339285682829
milk,262,Djibouti,-1.3829861419504919,0.26438152763727996,-1.4274804194876345,-0.6413204296575188
milk,266,Gabon,-1.3829809613956836,0.2643685733504014,-1.4274750972519785,-0.6414332236685354
milk,268,Georgia,-1.3837865125157824,0.2656010398123594,-1.428303434612669,-0.6405953316587656
milk,270,Gambia,-1.3830397904651326,0.2644875063298251,-1.4275357740404357,-0.6413525986243727
milk,276,Germany,-1.4339641108789336,0.32031846136741104,-1.4797915078283228,-0.6350028224080404
milk,288,Ghana,-1.3830373641553895,0.2641136425147892,-1.4275334278501997,-0.6417194847604151
milk,300,Greece,-1.3861522895165088,0.2680235185439611,-1.430700120885924,-0.639078027954394
milk,308,Grenada,-1.38296628724451,0.2643596247848894,-1.427460053241525,-0.6414308229194212
milk,320,Guatemala,-1.3837877182937353,0.26271623429784174,-1.4282993209954864,-0.6416518861188933
milk,324,Guinea,-1.3833907471537517,0.26751977067085453,-1.4279024122423742,-0.6410376514437424
milk,328,Guyana,-1.383001724815532,0.26532874027659203,-1.4274984593186533,-0.6410816378884654
milk,332,Haiti,-1.3827869396472368,0.2641975901682545,-1.4272844439066217,-0.6409439274182418
milk,340,Honduras,-1.383975675745272,0.26435356395597087,-1.4284931258871232,-0.6413403480502886
milk,344,"China, Hong Kong SAR",-1.3829655030016745,0.26436383343702397,-1.42745926063126,-0.6414304779036222
milk,348,Hungary,-1.3859323208625982,0.2629335581291402,-1.4304932967403063,-0.6464601276853017
milk,352,Iceland,-1.3831934997183235,0.26398200761011614,-1.4276922650175652,-0.6420122185879826
milk,356,India,-1.835963577155084,0.753103332546093,-1.9030035557117926,-0.4612643123181748
milk,360,Indonesia,-1.3877848399333832,0.252421904738797,-1.4322807537191122,-0.6408623058346734
milk,364,Iran (Islamic Republic of),-1.3943011157817333,0.27354359449500754,-1.4390985788090869,-0.6404323392874431
milk,368,Iraq,-1.382916401735879,0.2654946832877555,-1.4274274953413142,-0.6403310116065875
milk,372,Ireland,-1.3957430946638278,0.26300532299984203,-1.4405585005114254,-0.6532482363235523
milk,376,Israel,-1.3854294316951627,0.26537445287098826,-1.429985364106799,-0.6436115983480377
milk,380,Italy,-1.4011754220009436,0.2874071777089158,-1.446190293701473,-0.6329221042173039
milk,384,Côte d'Ivoire,-1.383018479688158,0.2653786155139083,-1.4275142792501327,-0.6409288766162611
milk,388,Jamaica,-1.3832308707578083,0.2645104553776707,-1.4277328633501891,-0.6415204135947974
milk,392,Japan,-1.39384026565162,0.2653167207916072,-1.4385243722784555,-0.6599609745517654
milk,398,Kazakhstan,-1.3877537378088376,0.2653455511856161,-1.4324323223748767,-0.6437177522792048
milk,400,Jordan,-1.3838660417179742,0.27249853397454715,-1.42835390111237,-0.6345408309159275
milk,404,Kenya,-1.3858659043970047,0.30278409717790983,-1.4306771360974864,-0.6076660228918911
milk,408,Democratic People's Republic of Korea,-1.3830892271662385,0.26438433207809225,-1.427585413794633,-0.6414746205360942
milk,410,Republic of Korea,-1.385952440502252,0.2644120620413801,-1.4304631507921024,-0.6497155449333505
milk,414,Kuwait,-1.3830500926886586,0.2643489119385267,-1.427545936257845,-0.6415454727596384
milk,417,Kyrgyzstan,-1.3854415423231703,0.26561532594755205,-1.43002119031994,-0.64195018814927
milk,418,Lao People's Democratic Republic,-1.3829781764449776,0.2642782168576153,-1.4274724111610395,-0.6416433961915295
milk,422,Lebanon,-1.3828072433342664,0.2615236562592844,-1.4272943383854002,-0.6446771149890083
milk,426,Lesotho,-1.3832275793637563,0.2677432100200401,-1.427753648389072,-0.6386562123687334
milk,428,Latvia,-1.384395688036083,0.26662254815602926,-1.428912333534763,-0.6411238912318211
milk,430,Liberia,-1.3829775338061898,0.2643696738666383,-1.4274715881334958,-0.6414297929979362
milk,434,Libya,-1.3835900311230005,0.2643380085883368,-1.4280905336297607,-0.6410803869542683
milk,440,Lithuania,-1.3851448335719245,0.26743111661458285,-1.4296795870688896,-0.6407781984208683
milk,442,Luxembourg,-1.3836368640119001,0.2647320951421387,-1.4281513316037908,-0.6415460873600196
milk,450,Madagascar,-1.3836210751411488,0.26499692855140033,-1.4281239104339858,-0.6357199095127299
milk,454,Malawi,-1.3832303059184972,0.26438919655728,-1.4277373874995405,-0.6422774184849445
milk,458,Malaysia,-1.382998602393133,0.263933934202511,-1.4274934795707814,-0.6416401855786162
milk,466,Mali,-1.388689317671954,0.26509974718462004,-1.433247243996752,-0.6635205786340457
milk,470,Malta,-1.3830371915804298,0.2642734280774445,-1.4275310020377414,-0.6416027579694834
milk,478,Mauritania,-1.3833438816331114,0.26433637110065583,-1.4278507074559619,-0.6402981113610444
milk,480,Mauritius,-1.3829692868334837,0.26438264325195615,-1.427463208855255,-0.6414178775147974
milk,484,Mexico,-1.4029946007355896,0.27235873170151853,-1.4481529363354297,-0.6454784217181988
milk,496,Mongolia,-0.02716461224296996,-1.01764029395814,-0.027211088898958145,-0.6175544946714311
milk,498,Republic of Moldova,-1.383745478803296,0.26394047589528713,-1.428233358998673,-0.6419269569068007
milk,499,Montenegro,-1.3831302974677826,0.2639595871352831,-1.4276228399904234,-0.6413783228912529
milk,504,Morocco,-1.3899067966408307,0.25058940399391033,-1.4343033088646724,-0.6525906328122737
milk,508,Mozambique,-1.3829918862077686,0.2642624165127049,-1.4274869090715647,-0.6415669632968175
milk,512,Oman,-1.3832727665803766,0.2645616880256883,-1.4277857470033979,-0.6414818666810831
milk,516,Namibia,-1.3831222588135081,0.26248349078832345,-1.4276231634401426,-0.6440395310388247
milk,524,Nepal,-1.3882694769273565,0.3517252335999802,-1.432936471854578,-0.5635913870770217
milk,528,Netherlands (Kingdom of the),-1.4051797984418617,0.27382452093183796,-1.4502020194464353,-0.6572976950494791
milk,540,New Caledonia,-1.382965855172453,0.26426731663326597,-1.4274595039332976,-0.641441421484636
milk,548,Vanuatu,-1.3829693826522638,0.264714510717339,-1.427463449850664,-0.6413697785017547
milk,554,New Zealand,-1.4152710221616023,0.2796367107946245,-1.4602574640967716,-0.6577027586764466
milk,558,Nicaragua,-1.3849984030255968,0.2650759279314867,-1.4295277451962547,-0.6394148156082764
milk,562,Niger,-1.386287958941401,0.2739181119249656,-1.4308684206978035,-0.6385679802880553
milk,566,Nigeria,-1.3837319123165075,0.2643686986822483,-1.428243975748952,-0.6380124153612741
milk,570,Niue,-1.3829655012444817,0.2643638593198526,-1.4274592588829822,-0.6414300534941013
milk,578,Norway,-1.385155564615529,0.2628487683355537,-1.4296496194174153,-0.6470845493467969
milk,586,Pakistan,-1.4861825394597934,0.2828505447089563,-1.5346179389074142,-0.7002821714789995
milk,591,Panama,-1.383256963328175,0.2626549842381913,-1.4277483995495526,-0.6423282867442666
milk,598,Papua New Guinea,-1.3829654712580313,0.26436382252619284,-1.4274592332656557,-0.6414192251999609
milk,600,Paraguay,-1.3837712887904305,0.26543120340772686,-1.4282874691280558,-0.6409144032842242
milk,604,Peru,-1.3861526665017783,0.26498566723726036,-1.4307333080668712,-0.6428146171588196
milk,608,Philippines,-1.3830075092351122,0.26437929558108736,-1.4275028805240702,-0.6414535001403046
milk,616,Poland,-1.4055147101463525,0.2660197168345991,-1.450684008556146,-0.657135020009946
milk,620,Portugal,-1.3859029139642145,0.2667512005843482,-1.430449831346439,-0.6428716713053362
milk,624,Guinea-Bissau,-1.3830186563735638,0.26434714005127347,-1.4275137057244325,-0.641221938010542
milk,626,Timor-Leste,-1.3829738489921761,0.26435890039344984,-1.4274676111139837,-0.6414323505416064
milk,630,Puerto Rico,-1.3833073760694299,0.26446563367991627,-1.4278031457309162,-0.6418944483356697
milk,634,Qatar,-1.382985370073568,0.26453762560496574,-1.4274788903330269,-0.6408394886112028
milk,642,Romania,-1.3926414148508215,0.274444590107695,-1.437260573314327,-0.6346254912771592
milk,643,Russian Federation,-1.4365833869117857,0.33825749321086596,-1.4826220600777602,-0.6056889604102196
milk,646,Rwanda,-1.383342592470159,0.26495825360889513,-1.4278387260854946,-0.6392166180659125
milk,662,Saint Lucia,-1.3829669223974406,0.26436435133353087,-1.4274607116112517,-0.6414296341186301
milk,670,Saint Vincent and the Grenadines,-1.38296675467308,0.26436368723627857,-1.4274605084999568,-0.6414291047186893
milk,678,Sao Tome and Principe,-1.3829662458186485,0.26436482886869483,-1.4274600284793986,-0.6414299778375074
milk,682,Saudi Arabia,-1.3846011127442628,0.2735873804485145,-1.4293060681401262,-0.6290673635273158
milk,686,Senegal,-1.3833414629709595,0.2714114656630664,-1.4278462325612913,-0.6340878161558798
milk,688,Serbia,-1.3854124123777605,0.2685575633498431,-1.4299062137819953,-0.6372195314904623
milk,690,Seychelles,-1.3829656403336135,0.26436411167131557,-1.427459401827506,-0.6414300529877757
milk,694,Sierra Leone,-1.38318009001769,0.2643960271069466,-1.4276807721909157,-0.6415393134766987
milk,703,Slovakia,-1.3843075200294588,0.265392255535081,-1.4288287329984541,-0.6421894587614148
milk,704,Viet Nam,-1.3845517311479294,0.2695840995292701,-1.4291226372774457,-0.6369760376461713
milk,705,Slovenia,-1.3838880268398872,0.26462436252398225,-1.4283938369072207,-0.6423079968804046
milk,706,Somalia,-1.3879580406874714,0.26432574576462575,-1.4325112338860984,-0.631449455256675
milk,710,South Africa,-1.3885988383554833,0.26485852786626585,-1.4332000857980138,-0.649416285413686
milk,716,Zimbabwe,-1.3835907342069662,0.2640395141200335,-1.4281072871640685,-0.6429320680732076
milk,724,Spain,-1.3951985989305336,0.27214311669672553,-1.4399266700242668,-0.6501606731286032
milk,728,South Sudan,-1.392888611337303,0.3236040442320265,-1.437584441031579,-0.6155783339178775
milk,729,Sudan,-1.389886899295369,0.26208564879894153,-1.4344824768799427,-0.5987182941227474
milk,740,Suriname,-1.382969666748034,0.2643583283952605,-1.427463445631102,-0.6414406112245885
milk,748,Eswatini,-1.3830226479638106,0.2651580934921947,-1.4275184920738984,-0.6407793668400714
milk,752,Sweden,-1.3870712927946074,0.26811799124002567,-1.4316659683472248,-0.6421191512509772
milk,756,Switzerland,-1.38854652848411,0.266923281899148,-1.433146644417579,-0.6453513808113982
milk,760,Syrian Arab Republic,-1.3906261489229088,0.25618022784355565,-1.435160814882663,-0.6534411648185845
milk,762,Tajikistan,-1.384716434694876,0.27915136971530063,-1.4292747103320789,-0.6301175170686939
milk,764,Thailand,-1.3848682379779815,0.2635833448273297,-1.4293913495903545,-0.6445829434660091
milk,768,Togo,-1.382983426547506,0.2646248757511709,-1.427477879211167,-0.6412768278245977
milk,776,Tonga,-1.3829658895695167,0.2643639866140678,-1.4274596561157078,-0.6414298222900179
milk,780,Trinidad and Tobago,-1.382968069239835,0.26412781885632947,-1.427461666015231,-0.6414225456281102
milk,784,United Arab Emirates,-1.3834858514025234,0.2671863448536884,-1.4279905967889774,-0.6386259880387541
milk,788,Tunisia,-1.3850829878731628,0.2658446018603343,-1.4296240404394323,-0.6423180006500715
milk,792,Türkiye,-1.4084438665030037,0.24900395702189326,-1.4530419364474874,-0.7016487343508295
milk,795,Turkmenistan,-1.3844037906466342,0.2735412004544605,-1.4290194084700054,-0.6324835355413256
milk,800,Uganda,-1.3878374950245576,0.3279084492999106,-1.4327478809649132,-0.6064543611471436
milk,804,Ukraine,-1.395265584859085,0.27828911757343555,-1.439481976849324,-0.6584210384917917
milk,807,North Macedonia,-1.3848831187392718,0.2628639463382547,-1.4293833787669583,-0.6415133623420743
milk,818,Egypt,-1.389034907810759,0.2616935837376756,-1.4337222038840973,-0.6495432072050846
milk,826,United Kingdom of Great Britain and Northern Ireland,-1.4063783379640389,0.2693155484115827,-1.451390124060895,-0.66363761753448
milk,834,United Republic of Tanzania,-1.3892430255100257,0.32316078406071685,-1.4341049622326743,-0.6455327249337763
milk,840,United States of America,-1.5503657889999418,0.311059568203623,-1.5987220268176705,-0.7821549026479531
milk,854,Burkina Faso,-1.384495758108613,0.26869677131956465,-1.4290088899276654,-0.6376340882448446
milk,858,Uruguay,-1.3862301847271499,0.26697355363092573,-1.4307662584545924,-0.6424255835326846
milk,860,Uzbekistan,-1.3999182415443598,0.2675895826184118,-1.4450733575311585,-0.6524701574078513
milk,862,Venezuela (Bolivarian Republic of),-1.3930703448651705,0.3517687965400993,-1.4378315566912807,-0.5817605489570532
milk,882,Samoa,-1.3829677725514662,0.26433611931461165,-1.4274615560641337,-0.6414445051906839
milk,887,Yemen,-1.3835900271921016,0.2697276666234939,-1.4281100676632288,-0.6384279794279344
milk,894,Zambia,-1.3836827805632663,0.26583593559135776,-1.4282226799108544,-0.6408094475513835
