country,production_tonnes,baseline_observed,baseline_posterior,ratio
India,239306917.23,48.211970358179094,79.8556393091321,1.6563446529122139
United States of America,102678763.09,16.2343550880029,16.0574678189244,0.9891041394549009
Pakistan,64581550.0,67.9567430636147,137.5036045025079,2.0233989785795057
"China, mainland",46780165.29,100.0605570968469,46.143641051463405,0.4611571471344274
Brazil,36338658.36,33.291765700730004,31.8155715563689,0.9556588810088636
Germany,34012620.0,15.0640879767568,16.036860677549,1.0645756120312855
Russian Federation,33804668.45,25.7591906658667,21.8779458528274,0.8493258245810374
France,25050500.0,19.9834534240832,22.610392368910702,1.1314557043309454
Türkiye,21481567.040000003,28.4711957401036,26.4205701513298,0.9279754314679044
New Zealand,21245000.0,24.6779100964932,24.717278226797802,1.00159527813136
United Kingdom of Great Britain and Northern Ireland,15759500.0,16.3004536945969,16.2279078075831,0.9955494559615942
Poland,15491880.0,16.0919139575053,15.3181466249872,0.9519157674741846
Netherlands (Kingdom of the),15117050.0,14.359918105715,15.878561870962898,1.1057557399748335
Bangladesh,14068000.0,56.786593687802,62.70202634867721,1.104169527994525
Mexico,13909700.93,17.5268398096319,14.927278470291201,0.851681114931392
Italy,13842200.0,24.6253196746181,29.234500730491103,1.1871724353947695
Uzbekistan,11943952.0,37.543545051085204,37.2988851806565,0.9934833039848582
Argentina,11665405.0,9.673603273953999,9.5803469413235,0.9903597108554586
Canada,9886559.0,17.171758141533303,17.409474949766903,1.0138434752151928
Ireland,8730710.0,23.881070382592,23.0598371076958,0.9656115382711307
