window,boundary,case,n_countries,panel_milk_share_end_year_pct,world_R0,world_R1,world_delta,three_country_shares,three_species_mix,three_species_intensity,two_struct,two_within,two_net,flagged
2020-2023,whole,full panel,186,99.907909944668,47.37579072503502,46.29740963311746,-1.0783810919175565,1.5240279589851702,-4.3544089539818085,1.7519999030790827,-4.24327143384931,1.8831716272100159,-2.360099806639294,Mongolia sheep
2020-2023,whole,flagged series removed,186,99.907909944668,47.210015173417524,46.14284407682987,-1.067171096587657,1.2851343774593573,-0.9806198605915596,-1.3716856134554547,-0.9757645039833776,-1.366501348566402,-2.3422658525497795,Mongolia sheep
2020-2023,milk,full panel,186,99.907909944668,30.38063483372177,29.739204391022984,-0.6414304426987876,0.5725588882770065,-1.427459170895462,0.21346983991966798,-1.3829654151420487,0.2643638166420223,-1.1186015985000264,Mongolia sheep
2020-2023,milk,flagged series removed,186,99.907909944668,30.313249050050043,29.678176750750655,-0.635072299299388,0.483208175582701,-0.0990461474817709,-1.019234327400318,-0.09665583861970352,-1.0183454956707696,-1.115001334290473,Mongolia sheep
2015-2023,whole,full panel,186,99.84900256441342,51.53700203537937,46.27792174267149,-5.2590802927078855,2.7077465187281113,-3.2110141013724665,-4.75581271006353,-3.1993642528061415,-4.756169168784466,-7.955533421590607,Mongolia sheep
2015-2023,whole,flagged series removed,186,99.84900256441342,51.38105079439706,46.12326498661286,-5.257785807784202,2.5983384963050233,-1.8284539385405822,-6.027670365548643,-1.8471685426062683,-6.083521534409705,-7.930690077015973,Mongolia sheep
2015-2023,milk,full panel,186,99.84900256441342,33.376456920882056,29.73704381422124,-3.6394131066608146,0.9901384813640615,-0.5775917581233099,-4.051959829901566,-0.5629027999762783,-4.055719646433553,-4.61862244640983,Mongolia sheep
2015-2023,milk,flagged series removed,186,99.84900256441342,33.316623200060114,29.67598016850263,-3.6406430315574845,0.9489658102303539,-0.03436847000924044,-4.555240371778598,-0.03174934039676942,-4.5810715037174194,-4.612820844114189,Mongolia sheep
2010-2023,whole,full panel,183,99.02134323344883,54.44986609572352,45.05898534778889,-9.39088074793463,4.666995550210214,-2.3276257767943442,-11.7302505213505,-2.4200633034148558,-12.136649564816489,-14.556712868231346,Mongolia sheep; Russian Federation sheep
2010-2023,whole,flagged series removed,183,99.02134323344883,54.11856779109658,44.74077383311882,-9.377793957977758,4.777717992572993,-2.8305432585271504,-11.324968692023598,-2.8963695997765395,-11.72121335808778,-14.617582957864322,Mongolia sheep; Russian Federation sheep
2010-2023,milk,full panel,183,99.02134323344883,35.31393019588447,28.791674255568836,-6.522255940315631,2.1468565739186047,-0.027638918752886724,-8.641473595481349,-0.02128045015556508,-8.863606296602725,-8.884886746758289,Mongolia sheep; Russian Federation sheep
2010-2023,milk,flagged series removed,183,99.02134323344883,35.24267749650508,28.700393371588657,-6.542284124916424,2.1692107621411982,-0.057804557025693384,-8.65369033003193,-0.04899540207943693,-8.873857514356729,-8.922852916436165,Mongolia sheep; Russian Federation sheep
