window,boundary,year,world_ratio,n_countries
2020-2023,whole,2020,47.37579072503501,186
2020-2023,whole,2021,46.82434894673771,186
2020-2023,whole,2022,46.71564833651241,186
2020-2023,whole,2023,46.297409633117454,186
2020-2023,milk,2020,30.380634833721775,186
2020-2023,milk,2021,30.00594768695256,186
2020-2023,milk,2022,29.887106310448125,186
2020-2023,milk,2023,29.739204391022984,186
2015-2023,whole,2015,51.53700203537937,186
2015-2023,whole,2016,51.50197212640784,186
2015-2023,whole,2017,50.00726142908363,186
2015-2023,whole,2018,48.67365137461996,186
2015-2023,whole,2019,47.94468722723537,186
2015-2023,whole,2020,47.35481736447134,186
2015-2023,whole,2021,46.803723516256234,186
2015-2023,whole,2022,46.695326930920494,186
2015-2023,whole,2023,46.27792174267148,186
2015-2023,milk,2015,33.37645692088204,186
2015-2023,milk,2016,33.41397667532749,186
2015-2023,milk,2017,32.35168391896706,186
2015-2023,milk,2018,31.523083641012096,186
2015-2023,milk,2019,30.966398792472237,186
2015-2023,milk,2020,30.377895206996715,186
2015-2023,milk,2021,30.003203630599586,186
2015-2023,milk,2022,29.884165145883028,186
2015-2023,milk,2023,29.73704381422124,186
2010-2023,whole,2010,54.44986609572353,183
2010-2023,whole,2011,53.535292613341305,183
2010-2023,whole,2012,52.83006678854196,183
2010-2023,whole,2013,52.50109437588684,183
2010-2023,whole,2014,51.078337571157284,183
2010-2023,whole,2015,50.14169581125324,183
2010-2023,whole,2016,50.16877901787529,183
2010-2023,whole,2017,48.68621324467956,183
2010-2023,whole,2018,47.31098468432961,183
2010-2023,whole,2019,46.59656981564841,183
2010-2023,whole,2020,46.032684805249836,183
2010-2023,whole,2021,45.57700659531685,183
2010-2023,whole,2022,45.47563206391583,183
2010-2023,whole,2023,45.058985347788884,183
2010-2023,milk,2010,35.31393019588447,183
2010-2023,milk,2011,34.73643598935479,183
2010-2023,milk,2012,34.39076389446524,183
2010-2023,milk,2013,34.01631261817968,183
2010-2023,milk,2014,33.11120712711802,183
2010-2023,milk,2015,32.3055309723002,183
2010-2023,milk,2016,32.4005215860237,183
2010-2023,milk,2017,31.352191786056736,183
2010-2023,milk,2018,30.48172288715111,183
2010-2023,milk,2019,29.93462838105214,183
2010-2023,milk,2020,29.363553626048024,183
2010-2023,milk,2021,29.05065033951474,183
2010-2023,milk,2022,28.940580706169694,183
2010-2023,milk,2023,28.791674255568832,183
