species,year,milk_t,milk_animals,stock_gle,ch4_whole_kt,flag_milk_t,flag_milk_animals,note_milk_t,I_whole,I_milk,delta
buffalo,2020,11687.79,571276.0,,,A,A,,,,
buffalo,2021,11332.16,554647.0,,,A,A,,,,
buffalo,2022,14673.63,727027.0,,,A,A,,,,
buffalo,2023,14073.89,584247.0,,,A,A,,,,
camel,2020,1452.66,89343.0,472934.0,22.3604,A,A,,15392.727823441133,2907.8739991831867,0.18891219493629133
camel,2021,1032.95,68497.0,454038.0,21.4669,A,A,,20782.12885425238,3135.2298268641066,0.15086182213823512
camel,2022,1426.96,90461.0,470469.0,22.2438,A,A,,15588.243538711667,2997.2816460922954,0.19227834352529072
camel,2023,945.55,79456.0,473853.0,22.4037,A,A,,23693.828988419442,3972.997693596654,0.16768069422373605
cattle,2020,125878.23,1519036.0,1240103.0,95.4879,A,A,,758.5735833749807,758.5735833749807,1.0
cattle,2021,122053.93,1444270.0,1184586.0,91.2131,A,A,,747.3180093422637,747.3180093422637,1.0
cattle,2022,139309.15,1704953.0,1419128.0,109.2729,A,A,,784.39140573322,784.39140573322,1.0
cattle,2023,235526.53,1653410.0,1267075.0,97.5648,A,A,,414.2412321873039,414.2412321873039,1.0
goats,2020,40811.31,9836634.0,27720253.0,141.65050000000002,A,A,,3470.863836519828,1231.6488317650415,0.3548536876629517
goats,2021,34494.26,8294807.0,26456089.0,135.1906,A,A,,3919.2201833000618,1228.7974617479792,0.31353111187371646
goats,2022,43712.49,10490257.0,27569395.0,140.8796,A,A,,3222.8683380882676,1226.3133501373104,0.3805037070998475
goats,2023,13491.03,8240140.0,24618228.0,125.7991,A,A,,9324.647562120905,3121.11827717799,0.33471702349982296
sheep,2020,20335.48,12259085.0,30049428.0,153.25199999999998,A,A,,7536.1879827769,3074.493433180843,0.4079640051717457
sheep,2021,17662.83,11190749.0,31086963.0,158.5435,A,A,,8976.109717412213,3231.2384726684622,0.35998206064709504
sheep,2022,21616.91,12972770.0,32747682.0,167.0132,A,A,,7726.0441015852875,3060.6194704016784,0.3961431529718653
sheep,2023,572.46,11613080.0,29409352.0,149.9877,A,A,,262005.55497327322,103459.99702234242,0.39487711255929747
