m49,country,struct,within,total,obs,wt
4,Afghanistan,-0.1984846713355239,3.5538886896037116,3.355404018268188,3.3554040182681746,2205239.795
8,Albania,0.040291310111127444,-1.504966673739553,-1.4646753636284255,-1.4646753636284373,1005672.5
12,Algeria,-1.4118601218552933,3.9628004844983282,2.550940362643035,2.5509403626430327,3333756.48
24,Angola,0.0,-2.346104402955021,-2.346104402955021,-2.346104402955021,216847.19
28,Antigua and Barbuda,0.0,-5.62875322069435,-5.62875322069435,-5.62875322069435,2906.6549999999997
31,Azerbaijan,-0.050392190946637466,-0.9127548147228228,-0.9631470056694603,-0.9631470056694624,2238244.0
32,Argentina,0.0,-0.19421474018677642,-0.19421474018677642,-0.19421474018677642,11555994.105
36,Australia,0.0,1.0604985294043807,1.0604985294043807,1.0604985294043807,8783000.0
40,Austria,-0.004371513014832495,1.3750771152896233,1.3707056022747908,1.3707056022747892,3784615.0
44,Bahamas,-0.08663661832240013,0.38031913148692487,0.29368251316452476,0.2936825131645264,2058.955
48,Bahrain,-0.0008148896123152862,1.3668838061073805,1.3660689164950652,1.3660689164950632,10733.164999999999
50,Bangladesh,0.0,-12.371469707021374,-12.371469707021374,-12.371469707021383,12374000.0
51,Armenia,-0.660910710980619,0.9457726714647177,0.2848619604840986,0.28486196048409695,622950.0
52,Barbados,0.0,-1.9028578059665477,-1.9028578059665477,-1.9028578059665477,4048.665
56,Belgium,0.0,-0.6832324380620651,-0.6832324380620651,-0.6832324380620651,4542000.0
64,Bhutan,0.0,-3.4709666926271723,-3.4709666926271723,-3.4709666926271723,50870.5
68,Bolivia (Plurinational State of),-0.3719510210137611,0.17532092888322848,-0.19663009213053262,-0.19663009213053328,628538.52
70,Bosnia and Herzegovina,-1.7188135805920286,-11.794936486056267,-13.513750066648296,-13.5137500666483,614195.5
72,Botswana,-5.976461037091821,6.9003219970634895,0.9238609599716687,0.9238609599716696,34606.01
76,Brazil,-0.0007048248288451658,-0.5298411476543878,-0.530545972483233,-0.5305459724832318,36372912.685
84,Belize,0.0,-31.19905917599951,-31.19905917599951,-31.19905917599951,5523.5
90,Solomon Islands,0.0,-0.311627142573613,-0.311627142573613,-0.311627142573613,3044.755
96,Brunei Darussalam,3.2312998384763967,-8.193255286237555,-4.9619554477611585,-4.96195544776117,202.46
100,Bulgaria,-0.9762898922864166,1.4033148660506103,0.4270249737641937,0.42702497376419757,910615.0
104,Myanmar,0.04179722967706542,-4.061895847117421,-4.020098617440356,-4.020098617440354,2169579.41
108,Burundi,-9.819514943813132,12.322887029323908,2.503372085510776,2.5033720855107617,102639.595
112,Belarus,-0.0021016856279836345,-1.977235077582951,-1.9793367632109347,-1.9793367632109344,8056294.845000001
116,Cambodia,0.0,-27.106983890399533,-27.106983890399533,-27.106983890399533,24302.29
120,Cameroon,-0.7046121488316235,-6.267208014557784,-6.971820163389408,-6.97182016338941,274207.80999999994
124,Canada,0.0,-0.7320757803542541,-0.7320757803542541,-0.7320757803542541,9763565.5
132,Cabo Verde,-0.4489152215588409,-0.36763477545566875,-0.8165499970145096,-0.8165499970145191,10191.849999999999
140,Central African Republic,0.0,5.9282169065647565,5.9282169065647565,5.9282169065647565,82153.32999999999
144,Sri Lanka,0.532394129614647,-0.46904084526574225,0.0633532843489048,0.06335328434890641,528572.92
148,Chad,-0.20815377030933352,4.8089174420720004,4.6007636717626665,4.600763671762678,446418.575
152,Chile,0.023153015509250766,0.9398090181357395,0.9629620336449902,0.9629620336449882,2292101.0
156,"China, mainland",-1.1861143257559559,0.18935542668948502,-0.9967588990664709,-0.9967588990664709,42832821.7
158,"China, Taiwan Province of",-0.021241962592082983,-0.31489320467470494,-0.33613516726678794,-0.33613516726678583,467000.26
170,Colombia,0.0,-0.916051855165577,-0.916051855165577,-0.916051855165577,7190202.0
174,Comoros,0.0,-0.02695216446184645,-0.02695216446184645,-0.02695216446184645,13070.6
178,Congo,0.0,-0.3385906509511756,-0.3385906509511756,-0.3385906509511756,4460.42
180,Democratic Republic of the Congo,0.0,0.8994827825407086,0.8994827825407086,0.8994827825407086,9101.305
188,Costa Rica,0.0212475642385148,-7.848458450346495,-7.827210886107981,-7.827210886107977,1303829.06
191,Croatia,-0.13319127510553783,-4.264706182453356,-4.397897457558893,-4.397897457558894,545500.0
192,Cuba,-0.17828962901051598,49.26097250260803,49.08268287359751,49.082682873597506,346300.5
196,Cyprus,0.0,-0.782635252556986,-0.782635252556986,-0.782635252556986,289535.0
203,Czechia,0.0,-0.6971540328848249,-0.6971540328848249,-0.6971540328848249,3371505.0
204,Benin,5.4594456544415255,-23.57361415616652,-18.114168501724997,-18.114168501724976,151886.125
208,Denmark,0.0,-0.491732309635907,-0.491732309635907,-0.491732309635907,5676500.0
212,Dominica,0.0,0.175286063839323,0.175286063839323,0.175286063839323,6983.42
214,Dominican Republic,0.0,2.094939526893512,2.094939526893512,2.094939526893512,876847.8049999999
218,Ecuador,0.04171700385192811,-1.077430907192368,-1.03571390334044,-1.0357139033404401,2212651.53
222,El Salvador,0.0,-1.163034478566324,-1.163034478566324,-1.163034478566324,413685.935
231,Ethiopia,-0.11511428201870696,23.56433444415842,23.449220162139714,23.449220162139724,3791866.9899999998
232,Eritrea,-0.1537242990675966,0.033548814714177574,-0.12017548435341903,-0.12017548435335357,147642.22499999998
233,Estonia,0.0,-0.8504389678484667,-0.8504389678484667,-0.8504389678484667,871250.0
234,Faroe Islands,0.0,0.27408060591866956,0.27408060591866956,0.27408060591866956,7293.0
242,Fiji,0.0,116.3418097352531,116.3418097352531,116.3418097352531,12565.0
246,Finland,0.0,-0.09586468744427812,-0.09586468744427812,-0.09586468744427812,2322760.0
250,France,-0.010131792560405788,-0.448413459664607,-0.4585452522250128,-0.4585452522250115,25669510.0
258,French Polynesia,0.0,29.258291791763426,29.258291791763426,29.258291791763426,664.7950000000001
262,Djibouti,-0.09591487497945046,-0.8354169853885525,-0.931331860368003,-0.9313318603679761,15209.085000000001
266,Gabon,0.0,-0.1587839933181101,-0.1587839933181101,-0.1587839933181101,10616.535
268,Georgia,-0.07817490267329619,-1.7016844330576666,-1.7798593357309627,-1.7798593357309542,593955.5
270,Gambia,0.0,-2.0355732236001387,-2.0355732236001387,-2.0355732236001387,50788.740000000005
276,Germany,0.0,-1.252995350169094,-1.252995350169094,-1.252995350169094,33588765.0
288,Ghana,0.0,5.073076954785847,5.073076954785847,5.073076954785847,49131.97
300,Greece,0.13673878333522493,-1.480814590804386,-1.344075807469161,-1.34407580746916,1976375.0
308,Grenada,0.0,6.911740354363303,6.911740354363303,6.911740354363303,595.565
320,Guatemala,-0.0013890664198796356,3.032516650089545,3.0311275836696656,3.031127583669658,561787.28
324,Guinea,0.06639348913387078,-10.489846887739999,-10.423453398606128,-10.423453398606114,277075.385
328,Guyana,0.0,-36.48771591459851,-36.48771591459851,-36.48771591459851,24795.5
332,Haiti,-3.08798805819547,1.8523683880700306,-1.2356196701254394,-1.235619670125402,98849.9
340,Honduras,0.0,0.27839891825550467,0.27839891825550467,0.27839891825550467,689411.0
344,"China, Hong Kong SAR",0.0,0.0,0.0,0.0,60.0
348,Hungary,-0.0025795181456146625,0.9298075031626603,0.9272279850170456,0.927227985017046,2025555.0
352,Iceland,0.0,2.57942034058917,2.57942034058917,2.57942034058917,155735.0
356,India,0.06856963144164818,-1.301696700761787,-1.2331270693201388,-1.2331270693201368,224636921.46499997
360,Indonesia,1.7174021719433825,7.946674091337985,9.664076263281368,9.664076263281373,1465820.175
364,Iran (Islamic Republic of),-0.1214018239937914,-0.7572645663104947,-0.8786663903042861,-0.8786663903042857,8410611.485
368,Iraq,-1.5143837160707223,-2.7677978871227324,-4.282181603193455,-4.2821816031934645,352103.5
372,Ireland,0.0,0.4113975343545171,0.4113975343545171,0.4113975343545171,8646090.0
376,Israel,0.007590276655211024,-0.30598379678981036,-0.29839352013459935,-0.2983935201345993,1670550.5
380,Italy,-0.11981167363501377,-1.3340599497019285,-1.4538716233369424,-1.4538716233369406,13421805.0
384,Côte d'Ivoire,0.0,-26.18327111183868,-26.18327111183868,-26.18327111183868,36236.79
388,Jamaica,-0.1633028887087697,-0.4093826033822402,-0.5726854920910098,-0.5726854920910114,205509.06
392,Japan,0.0,0.14318206047337156,0.14318206047337156,0.14318206047337156,7368575.5
398,Kazakhstan,-0.017620939508674126,-0.015568412013080077,-0.0331893515217542,-0.03318935152175584,3300608.35
400,Jordan,0.231871412945986,-14.321305189575325,-14.089433776629338,-14.089433776629335,526437.98
404,Kenya,-0.9166478928820773,-5.912542370277006,-6.829190263159083,-6.8291902631590915,5838077.215
408,Democratic People's Republic of Korea,0.0,0.03520886382762711,0.03520886382762711,0.03520886382762711,84544.6
410,Republic of Korea,0.011729043415321935,0.24183719466176318,0.2535662380770851,0.25356623807708534,2018384.705
414,Kuwait,-0.012150140017175692,0.5056508642932166,0.4935007242760409,0.49350072427604097,58335.88
417,Kyrgyzstan,-0.028527629200571815,-0.4202098618788104,-0.4487374910793822,-0.44873749107937755,1723431.0
418,Lao People's Democratic Republic,0.0,9.54096684360826,9.54096684360826,9.54096684360826,8714.71
422,Lebanon,-1.9528455954617596,10.497231062375102,8.544385466913342,8.544385466913344,262058.5
426,Lesotho,0.0,-17.56256975772766,-17.56256975772766,-17.56256975772766,179000.0
428,Latvia,-0.0016366918000823415,-1.917073538165274,-1.9187102299653562,-1.918710229965356,976890.0
430,Liberia,0.0,-0.4040546639396183,-0.4040546639396183,-0.4040546639396183,8275.855
434,Libya,1.2067677490432034,0.3713671187867997,1.5781348678300031,1.5781348678300162,227733.325
440,Lithuania,0.0034383431140909953,-1.6868522285937022,-1.6834138854796112,-1.6834138854796095,1482320.0
442,Luxembourg,0.0,-0.4941696349275304,-0.4941696349275304,-0.4941696349275304,458315.0
450,Madagascar,0.0,-1.0710415394668473,-1.0710415394668473,-1.0710415394668473,447543.0
454,Malawi,-0.20908042853308176,0.15189066117181826,-0.057189767361263494,-0.05718976736126535,213067.17500000002
458,Malaysia,-0.7147485519094077,8.919937445066477,8.20518889315707,8.205188893157072,46903.53
466,Mali,3.7349997083871176,-0.3936604649861344,3.3413392434009834,3.3413392434009666,1055073.5
470,Malta,0.20581465447340452,2.2651255312234397,2.4709401856968443,2.470940185696847,42665.0
478,Mauritania,-0.38842330327429087,0.3364857807170527,-0.05193752255723816,-0.051937522557224725,359262.81499999994
480,Mauritius,0.0,-6.460487804878049,-6.460487804878049,-6.460487804878049,2644.0
484,Mexico,-0.002761552650607453,-0.28656285952627336,-0.2893244121768808,-0.28932441217688165,13509404.815
496,Mongolia,-5833.423747166735,5514.865210346652,-318.55853682008274,-318.55853682008217,219506.625
498,Republic of Moldova,1.1434620069385062,1.6354566191536892,2.7789186260921954,2.7789186260921994,291516.0
499,Montenegro,-0.4859138810778695,2.463597103295732,1.9776832222178626,1.9776832222178555,173560.2
504,Morocco,1.362176863491845,5.711798528351316,7.073975391843161,7.073975391843163,2382086.5149999997
508,Mozambique,-0.2456350704339071,4.621024226606481,4.375389156172575,4.375389156172581,21981.025
512,Oman,-0.5828444039576475,-0.25075025747532115,-0.8335946614329686,-0.8335946614329757,362648.62
516,Namibia,0.0,16.8440931781888,16.8440931781888,16.8440931781888,107097.58499999999
524,Nepal,0.5303575186737886,-31.249334432370453,-30.718976913696665,-30.71897691369667,2610906.215
528,Netherlands (Kingdom of the),-0.00844155568353528,-0.32102104856565494,-0.3294626042491902,-0.32946260424918883,15020780.0
540,New Caledonia,0.0,303.5528942115768,303.5528942115768,303.5528942115768,300.5
548,Vanuatu,0.0,-121.97798747081623,-121.97798747081623,-121.97798747081623,2709.435
554,New Zealand,0.0,-0.3894509960432515,-0.3894509960432515,-0.3894509960432515,21558152.5
558,Nicaragua,0.0,-0.22005878765907738,-0.22005878765907738,-0.22005878765907738,1386304.925
562,Niger,0.6043115950553872,-5.450242975940352,-4.845931380884965,-4.845931380884977,1576376.895
566,Nigeria,0.0,0.2555553134770605,0.2555553134770605,0.2555553134770605,523156.77
570,Niue,0.0,-0.4211216088141043,-0.4211216088141043,-0.4211216088141043,58.8
578,Norway,0.004087123788474659,1.22386526872808,1.2279523925165547,1.2279523925165563,1488911.5
586,Pakistan,0.09524964230845406,-0.0003922494871746859,0.09485739282127938,0.09485739282128236,61641675.0
591,Panama,0.0,8.370248974671284,8.370248974671284,8.370248974671284,199058.5
598,Papua New Guinea,-1.1232411740407138,0.23712983481065747,-0.8861113392300564,-0.8861113392299558,204.055
600,Paraguay,0.0,-1.5673860916879256,-1.5673860916879256,-1.5673860916879256,550016.7150000001
604,Peru,-0.011680119709674985,-0.0031816264252576684,-0.014861746134932654,-0.014861746134933185,2190047.295
608,Philippines,0.0,-0.2441834837415584,-0.2441834837415584,-0.2441834837415584,28745.5
616,Poland,0.0,0.16280619824092035,0.16280619824092035,0.16280619824092035,15152030.0
620,Portugal,-0.05140668659327146,-0.8178296136372805,-0.8692363002305519,-0.8692363002305541,2078900.0
624,Guinea-Bissau,-0.08518438286731203,0.6708638644644411,0.5856794815971291,0.5856794815971398,38743.79
626,Timor-Leste,0.0,1.0705201563917583,1.0705201563917583,1.0705201563917583,5759.504999999999
630,Puerto Rico,0.002918203615401543,-0.14827562146013198,-0.14535741784473044,-0.14535741784472833,232978.49
634,Qatar,-0.9793747387815552,-3.250941502477168,-4.230316241258723,-4.23031624125872,46693.98
642,Romania,0.7213780201388191,-1.9280101088973793,-1.2066320887585602,-1.2066320887585604,4322750.0
643,Russian Federation,0.09737254810672591,-1.7757658462003694,-1.6783932980936433,-1.678393298093642,33011917.12
646,Rwanda,0.07316490158175097,-2.0305187872025305,-1.9573538856207795,-1.9573538856207904,244571.645
662,Saint Lucia,0.0,-0.22623642763693397,-0.22623642763693397,-0.22623642763693397,1029.315
670,Saint Vincent and the Grenadines,0.0,0.39796555049714755,0.39796555049714755,0.39796555049714755,914.775
678,Sao Tome and Principe,0.0,-1.420858183328022,-1.420858183328022,-1.420858183328022,567.2750000000001
682,Saudi Arabia,-0.885140697481466,-2.542828687385928,-3.427969384867394,-3.427969384867394,3092966.325
686,Senegal,0.024350831779161086,-26.11066139930228,-26.08631056752312,-26.0863105675231,252294.97499999998
688,Serbia,0.15500514542179727,-2.3714621994072225,-2.216457053985425,-2.2164570539854225,1500266.0
690,Seychelles,0.0,-1.5474949387561452,-1.5474949387561452,-1.5474949387561452,153.785
694,Sierra Leone,0.0,0.056859520377237516,0.056859520377237516,0.056859520377237516,146580.345
703,Slovakia,0.0,-0.7953860091943721,-0.7953860091943721,-0.7953860091943721,915645.0
704,Viet Nam,-0.11180101899291744,-3.9188113637741093,-4.030612382767027,-4.030612382767025,1177116.9300000002
705,Slovenia,0.020426595133048925,-0.13195460193911673,-0.11152800680606781,-0.11152800680606845,620480.0
706,Somalia,0.7679914577185333,0.2807657708136603,1.0487572285321936,1.048757228532196,2187074.915
710,South Africa,0.0,0.1429157223501747,0.1429157223501747,0.1429157223501747,3831500.0
716,Zimbabwe,0.0,0.9815963417887588,0.9815963417887588,0.9815963417887588,426842.125
724,Spain,-0.055730898037647414,-0.5796483170784533,-0.6353792151161007,-0.635379215116096,8625425.0
728,South Sudan,1.4258811612400817,-16.504095374949806,-15.078214213709725,-15.078214213709742,3324797.665
729,Sudan,0.03633444723749955,0.731518437607374,0.7678528848448736,0.7678528848448707,4583376.62
740,Suriname,0.0,2.049584622075944,2.049584622075944,2.049584622075944,2903.4449999999997
748,Eswatini,0.0,-18.928424167961225,-18.928424167961225,-18.928424167961225,39083.11
752,Sweden,0.0,-1.0001389451991756,-1.0001389451991756,-1.0001389451991756,2795635.0
756,Switzerland,0.002824200810099745,-0.3711510274991532,-0.3683268266890534,-0.36832682668904937,3788359.875
760,Syrian Arab Republic,2.0383354204816335,3.9191728722113375,5.957508292692971,5.957508292692971,2109992.935
762,Tajikistan,0.08533784696054406,-12.135619028185525,-12.050281181224982,-12.050281181224989,1124943.92
764,Thailand,0.0,0.8316081795070325,0.8316081795070325,0.8316081795070325,1297666.665
768,Togo,0.0,-19.780475000743024,-19.780475000743024,-19.780475000743024,12299.965
776,Tonga,0.0,-0.23110804283854236,-0.23110804283854236,-0.23110804283854236,323.99
780,Trinidad and Tobago,0.0,123.23525710930295,123.23525710930295,123.23525710930295,1812.5
784,United Arab Emirates,0.4939402851124449,-9.914825628710872,-9.420885343598428,-9.4208853435984,261805.0
788,Tunisia,0.025664079622386107,-0.7206685760014131,-0.695004496379027,-0.6950044963790241,1417628.475
792,Türkiye,-0.3386377051437713,0.8939439585327009,0.5553062533889297,0.5553062533889275,22492678.759999998
795,Turkmenistan,-0.8488503630936376,-3.1434937400414515,-3.992344103135089,-3.992344103135082,2536545.89
800,Uganda,0.0,-17.773113277948234,-17.773113277948234,-17.773113277948234,3315500.0
804,Ukraine,-0.0035389500690726763,-1.297316150447477,-1.3008551005165496,-1.3008551005165465,8347000.0
807,North Macedonia,3.426429555021484,4.025877694639127,7.4523072496606115,7.452307249660606,376436.0
818,Egypt,-0.366482776465741,0.7115585883704318,0.34507581190469083,0.3450758119046924,5605833.33
826,United Kingdom of Great Britain and Northern Ireland,0.0,-0.028127378687514693,-0.028127378687514693,-0.028127378687514693,15722685.0
834,United Republic of Tanzania,0.1400227482828877,-14.000154077100468,-13.86013132881758,-13.860131328817573,3876900.335
840,United States of America,-0.0003471548996076064,-0.12131273411419208,-0.12165988901379969,-0.12165988901379876,101998257.575
854,Burkina Faso,1.9687959389659402,-9.225685377945293,-7.2568894389793535,-7.256889438979329,431013.315
858,Uruguay,0.0,-0.8411279812295689,-0.8411279812295689,-0.8411279812295689,2224285.0
860,Uzbekistan,0.0,0.0012146120893206103,0.0012146120893206103,0.0012146120893206103,11437015.0
862,Venezuela (Bolivarian Republic of),1.4050234910301482,-23.85100570863658,-22.44598221760643,-22.445982217606442,3410705.89
882,Samoa,0.0,16.51289732255043,16.51289732255043,16.51289732255043,1609.8899999999999
887,Yemen,0.051143141794381494,-12.051029643823467,-11.999886502029085,-11.999886502029085,411161.525
894,Zambia,0.0,-2.5736452840071706,-2.5736452840071706,-2.5736452840071706,489640.295
