species,year,n,mean_whole,median_whole,mean_milk,median_milk
buffalo,2020,17,567.9270865066009,241.52542372881354,59.37316229388516,56.05332167832168
buffalo,2021,17,549.0696207290179,220.74307165728163,58.736675048611914,53.4905441684149
buffalo,2022,17,551.6461265327493,232.5880705183574,60.12595282019284,56.48510061877358
buffalo,2023,17,532.4034359025985,221.80649386901396,56.89653509456123,52.217230090345524
camel,2020,29,3215.366493970737,1123.672460878235,420.8529828333396,225.8060271285108
camel,2021,29,3461.3247453014883,1166.5421825947926,422.9420620281178,233.53461219674332
camel,2022,29,3287.8566676314226,1161.8374166273736,414.924871148465,234.5268433635187
camel,2023,29,3599.7187173869397,1145.1553303410294,457.2174675276903,245.48064630004143
cattle,2020,186,84.64110757057333,37.73072532070328,84.64110757057333,37.73072532070328
cattle,2021,186,84.60023170839034,37.447918639681944,84.60023170839034,37.447918639681944
cattle,2022,186,84.78225924758672,37.50267648217044,84.78225924758672,37.50267648217044
cattle,2023,185,83.97513048509667,36.71025983741148,83.97513048509667,36.71025983741148
goats,2020,105,555.9093970926226,184.1716503656739,109.44198314788429,52.118768608569646
goats,2021,105,567.5060847646455,187.21735815323132,111.47374075470117,52.6124244771495
goats,2022,105,563.9994256933742,181.13270633021756,114.63016350221972,53.20421621647883
goats,2023,103,612.519692677669,182.65239481520018,128.4243305063951,57.89814319634849
sheep,2020,74,1581.0447284914605,517.4520127985818,247.45900812250727,110.76673657254798
sheep,2021,73,1547.3010830191247,515.3913993792573,233.02688267581541,110.94730762849622
sheep,2022,73,1503.1107948250735,517.9150943396226,242.25543914072446,111.50614789735289
sheep,2023,71,5127.940271814233,554.7758620689655,1653.5922856954207,112.15305570706572
