species,year,n,milk_Mt,ch4_kt,delta_median,I_whole_pooled,I_milk_pooled,I_whole_median,I_whole_q1,I_whole_q3,I_milk_median,I_milk_q1,I_milk_q3,I_whole_mean,I_milk_mean
cattle,2020,185,748.1521940299999,20919.9348,1.0,27.96213787372939,27.96213787372939,37.91912020241061,19.957548728113643,90.64023130937629,37.91912020241061,19.957548728113643,90.64023130937629,85.04410710729765,85.04410710729765
cattle,2021,185,765.13620779,21128.5602,1.0,27.614116264380165,27.614116264380165,37.543064438444524,19.92999999999999,88.66716058691755,37.543064438444524,19.92999999999999,88.66716058691755,85.01009268721306,85.01009268721306
cattle,2022,185,769.8832901000001,21202.139,1.0,27.539419640145788,27.539419640145788,37.538172020901214,19.787532681987063,92.46546070978484,37.538172020901214,19.787532681987063,92.46546070978484,85.20271017752341,85.20271017752341
cattle,2023,185,785.6744876800001,21529.1838,1.0,27.402167357594905,27.402167357594905,36.71025983741148,19.89587300723652,94.24390243902438,36.71025983741148,19.89587300723652,94.24390243902438,83.97513048509667,83.97513048509667
buffalo,2020,17,137.48620476,11505.340500000002,0.3159442724458204,83.6835995297424,29.994903114545803,241.52542372881354,76.00753295668551,528.5573803924171,56.05332167832168,36.42172588406758,76.09636208519846,567.9270865066009,59.37316229388515
buffalo,2021,17,143.00971258,11728.7068,0.3169172593859728,82.01335831256168,29.7670403930212,220.74307165728163,78.49215922798551,523.329129886507,53.4905441684149,36.075949367088604,73.97498100493243,549.0696207290179,58.736675048611914
buffalo,2022,17,148.05269637,11896.146600000002,0.324732009839992,80.35075950437418,29.416374159092936,232.5880705183574,80.3673469387755,499.9274415904804,56.48510061877358,38.25619683647412,81.35510973583959,551.6461265327493,60.12595282019284
buffalo,2023,17,149.96805378,11898.786600000001,0.33347604048805846,79.34214187679778,29.536932562216094,221.80649386901396,81.44050104384134,453.4419296734278,52.217230090345524,36.01618940836632,75.28753637957784,532.4034359025985,56.89653509456123
goats,2020,103,18.961808699999995,4710.4319,0.3709470904410686,248.4168031924086,55.42062187090008,186.51008272796574,53.96907083890578,516.2188309074324,52.938119224170386,27.208689744412492,98.05981903300994,565.8041388174654,110.91133526406318
goats,2021,103,19.274551229999997,4703.666400000001,0.360943833141731,244.03506695808045,54.855174379757386,191.30518519142328,59.177042220325944,507.99851789488866,54.37204277898584,27.134251416071372,101.36582493516912,577.910330816502,113.10957442239146
goats,2022,103,20.34558776,4783.7727,0.37520454154936095,235.1258049868204,52.947073570114156,187.4899715231777,60.68420348058902,509.94328517653116,58.39097169524142,27.19793168293195,101.26986598465416,574.2832787134299,116.30779706882875
goats,2023,103,20.680051050000003,4832.5203,0.36208695304164645,233.68028871476113,51.516756075892644,182.65239481520018,55.7670154959292,507.1215264506807,57.89814319634849,25.819327001674687,98.97679997959642,612.519692677669,128.4243305063951
sheep,2020,71,9.984723940000002,4515.3976,0.2535288479814299,452.23059016291637,137.98390567537672,523.0812818737014,212.4932408608957,1181.3077519657509,113.74944934206799,68.80005992823712,170.4292082686835,1620.6353377321357,256.53468001103556
sheep,2021,71,9.972895139999999,4623.615,0.24982138795606276,463.6181304519362,137.81316632619263,539.4038407752095,210.94639859166895,1237.790732094411,111.29703895349066,73.6914388040843,169.8663738962319,1589.697973345874,238.59198289515902
sheep,2022,71,9.899574200000002,4674.9336,0.2461106885686346,472.23582606209465,141.41980296392674,557.3562077286385,220.71579653406638,1223.9237314041275,114.11630213465034,76.50786476104409,175.87091062611077,1544.260699907158,248.29290442458557
sheep,2023,71,9.81240436,4657.3022,0.2436540628492077,474.63414970803336,142.17798148165394,554.7758620689655,204.33915154715453,1194.3115316107087,112.15305570706572,75.92024546239689,168.9768410125702,5127.940271814232,1653.592285695421
camel,2020,29,4.0786483,1871.3086999999998,0.2135432879377432,458.80609514676706,107.18161778530732,1123.672460878235,367.5970031085124,3789.86165345238,225.8060271285108,121.43837672708702,320.03939534509306,3215.3664939707373,420.8529828333396
camel,2021,29,4.063844980000001,1898.5726,0.21627923923340378,467.1862753977391,106.32163137177778,1166.5421825947926,367.2844025553443,3826.8144656943014,233.53461219674332,121.34470484719418,317.1934511825468,3461.324745301488,422.9420620281177
camel,2022,29,3.8774226000000005,1919.0414999999996,0.22043217730797254,494.9270940959594,108.24924002808736,1161.8374166273736,377.57001714705643,3784.544046281038,234.5268433635187,121.47128850116735,310.3427339636361,3287.8566676314226,414.924871148465
camel,2023,29,4.076534529999999,2000.4878,0.22038985383190127,490.73245553987755,106.47817396972191,1145.1553303410294,367.517231381256,3803.0707841406247,245.48064630004143,121.43786942635822,390.38338210108924,3599.71871738694,457.21746752769025
