species,boundary,n,countries,slope,slope_ci_lo,slope_ci_hi,r2,ef_median_kg_head,ef_q1,ef_q3,var_ln_ef,var_ln_n_over_m
cattle,whole-herd,740,185,0.8079387726457778,0.7575075422312978,0.8564706718871693,0.8909455156054109,73.00004797899363,47.000159598975536,110.0,0.17721663927046133,1.5174219627091827
buffalo,whole-herd,68,17,0.987040250330677,0.974215389953813,0.9970913912927183,0.9996000305930857,59.000119428543535,56.99999847847082,60.0,0.0007336022565817676,1.3152164984410288
buffalo,milk-allocated,68,17,0.9943568578846327,0.9683930977405597,1.0319212864714007,0.9964672109518654,59.000119428543535,56.99999847847082,60.0,0.0007336022565817676,0.21118383150960018
goats,whole-herd,412,103,1.0007912423038103,0.9998802769615114,1.0018629646152402,0.9999793747931212,5.169998310922761,5.12998745128027,5.1783237541246905,4.885947191154568e-05,2.2955586359773323
goats,milk-allocated,412,103,1.001770116568684,0.9987631241415903,1.0060182720508521,0.9979100819530675,5.169998310922761,5.12998745128027,5.1783237541246905,4.885947191154568e-05,1.1103641009393506
sheep,whole-herd,284,71,0.9425088543618707,0.9055504462594497,0.981888082304043,0.9771830724945122,5.196890007713826,5.1499999999999995,8.189955939931,0.044759993662536586,1.8613311855175516
sheep,milk-allocated,284,71,0.907596714895422,0.8131371428806657,0.96677587409376,0.9604376602703629,5.196890007713826,5.1499999999999995,8.189955939931,0.044759993662536586,1.081695007423458
camel,whole-herd,116,29,0.999108035648947,0.9969561631450399,1.001541340903459,0.9999557340134658,47.98334007837208,47.91981578332635,48.55999859517066,9.568944262651321e-05,2.127159506126763
camel,milk-allocated,116,29,0.9860708490679497,0.9549263316745739,0.9991522377612773,0.9818356134565678,47.98334007837208,47.91981578332635,48.55999859517066,9.568944262651321e-05,1.083646432740142
