boundary,case,n_countries,two_struct,two_within,two_net,world_R0,world_R1,world_delta,three_country_shares,three_species_mix,three_species_intensity
whole,full panel,186,-4.24327143384931,1.8831716272100159,-2.360099806639294,47.37579072503502,46.29740963311746,-1.0783810919175565,1.5240279589851702,-4.3544089539818085,1.7519999030790827
whole,Mongolia sheep series excluded,186,-0.9757645039833776,-1.366501348566402,-2.3422658525497795,47.210015173417524,46.14284407682987,-1.067171096587657,1.2851343774593573,-0.9806198605915596,-1.3716856134554547
whole,Mongolia excluded,185,-0.7127452167248214,-1.5060283515664654,-2.2187735682912866,46.936125545244444,45.9013564374327,-1.0347691078117407,1.1795487465396235,-0.7112780394858548,-1.5030398148655095
whole,five largest structural contributors excluded,181,-0.11580897956904673,-1.0807612041400518,-1.1965701837090985,39.68328586231764,39.39803167554283,-0.2852541867748073,0.9093438697989397,-0.11528800316607028,-1.0793100534076767
whole,ten largest structural contributors excluded,176,-0.046682436299670144,-0.9814211636290433,-1.0281035999287136,35.68906086399173,35.412094106405206,-0.27696675758652134,0.7500436529331178,-0.04647906576580615,-0.9805313447538329
whole,denominator-collapse cells screened (series removed),186,-0.9757645039833776,-1.366501348566402,-2.3422658525497795,47.210015173417524,46.14284407682987,-1.067171096587657,1.2851343774593573,-0.9806198605915596,-1.3716856134554547
milk,full panel,186,-1.3829654151420487,0.2643638166420223,-1.1186015985000264,30.38063483372177,29.739204391022984,-0.6414304426987876,0.5725588882770065,-1.427459170895462,0.21346983991966798
milk,Mongolia sheep series excluded,186,-0.09665583861970352,-1.0183454956707696,-1.115001334290473,30.313249050050043,29.678176750750655,-0.635072299299388,0.483208175582701,-0.0990461474817709,-1.019234327400318
milk,Mongolia excluded,185,-0.02716461224296996,-1.01764029395814,-1.0448049062011098,30.155508989573537,29.537954494902106,-0.6175544946714311,0.4255275049052548,-0.027211088898958145,-1.015870910677728
milk,five largest structural contributors excluded,181,0.019401428078591347,-1.1755694134055825,-1.156167985326991,29.331711681317486,28.657499185578352,-0.674212495739134,0.48129460748135894,0.019244028901840807,-1.1747511321223338
milk,ten largest structural contributors excluded,176,0.013439087691146986,-0.9526680660866589,-0.9392289783955119,27.891232809568262,27.326065798225805,-0.5651670113424565,0.3734570613946099,0.013367776512164772,-0.9519918492492311
milk,denominator-collapse cells screened (series removed),186,-0.09665583861970352,-1.0183454956707696,-1.115001334290473,30.313249050050043,29.678176750750655,-0.635072299299388,0.483208175582701,-0.0990461474817709,-1.019234327400318
milk,"milk-allocated, GLE stock as TS",186,-1.380465226663101,0.31151463376218014,-1.0689505929009206,30.384542499015485,29.795971526455077,-0.588570972560408,0.5758385132993501,-1.4249559713764526,0.26054648551669435
milk,"milk-allocated, GLE stock as TS, Mongolia sheep excluded",186,-0.09415562246588766,-0.9711941566329045,-1.0653497790987922,30.317156801845503,29.734943919677438,-0.582212882168065,0.4864872298416234,-0.09654292709938515,-0.9721571849103033
milk,FPCM functional unit (milk-allocated),186,-1.1613128027034376,0.20943510512692376,-0.9518776975765139,28.105168490991566,27.458836256944622,-0.6463322340469446,0.3704505742820932,-1.1917309437567458,0.1749481354277081
milk,"FPCM functional unit, Mongolia sheep excluded",186,-0.019371354097336507,-0.9409789962554178,-0.9603503503527544,28.043096959761066,27.402495059913015,-0.6406018998480505,0.32289329577848314,-0.02165240061756535,-0.9418427950089683
