n_countries,n_eligible,world_ratio_ref,world_change_pct_production_weighted,mean_pct_all,mean_pct_eligible,median_pct_eligible,q1_pct_eligible,q3_pct_eligible,n_cattle_lowest,n_saturated,share_of_world_change_top5,boundary,delta,case
186,107,46.29740963311746,7.041117859306222,4.831669886017049,8.398977558870756,3.7835445916755757,1.4008957314130732,9.768448817045279,89,17,0.5669610664766168,whole,0.01,all data
186,107,46.29740963311746,16.903113584247667,10.445308460006785,18.157265173469742,14.540075465240188,5.220977566155703,23.121353590078854,89,32,0.5497869951247449,whole,0.05,all data
186,107,46.29740963311746,23.428971752033377,13.71230089267314,23.83633613118882,17.468919069494675,7.444261484436948,32.370710977573225,89,42,0.5806382266023558,whole,0.1,all data
186,107,46.29740963311746,27.87468443063857,17.043244624515562,29.626574767849483,21.44155562063948,10.946458784330321,43.75471944232296,89,56,0.5863618281326041,whole,0.2,all data
186,107,46.142844076829874,23.172964699006588,13.626776941663495,23.68766832849916,17.468919069494675,7.444261484436948,32.370710977573225,89,42,0.5890197305590147,whole,0.1,Mongolia sheep excluded
186,107,29.73920439102299,1.5401341266321469,1.339256862485266,2.3280539852547615,1.3195189059045085,0.6856759109661426,2.322108834022475,53,12,0.5641826068342989,milk,0.01,all data
186,107,29.73920439102299,4.627130216906465,3.962188026124805,6.8875418024225565,4.718456182215786,2.4638826130176534,8.143231982958637,53,25,0.5235530733388619,milk,0.05,all data
186,107,29.73920439102299,7.225901584171468,6.16916583804246,10.723970522204649,7.334353371729164,4.085274592794466,14.243092025937703,53,33,0.5266945774387287,milk,0.1,all data
186,107,29.73920439102299,10.036155196239996,8.952690707456302,15.562621229783849,12.740585571105271,6.342019972210338,21.097181405216453,53,40,0.5067707580084427,milk,0.2,all data
186,107,29.67817675075066,7.035897645260477,6.056361712599404,10.527881107883074,7.334353371729164,4.085274592794466,14.243092025937703,53,33,0.5420305455390536,milk,0.1,Mongolia sheep excluded
186,107,27.458836256944622,7.003642254023115,5.568532733316793,9.679879330812367,7.575606398726381,3.9631644668978843,12.192393763315568,52,28,0.5680037767348882,milk,0.1,FPCM
