country_m49,country,production_tonnes,observed_ch4_t,baseline_observed,baseline_posterior,optimized_mean,baseline_cvar,optimized_cvar,reduction_mean_pct,reduction_cvar_pct,abs_reduction_mt_ch4,abs_reduction_mt_ch4_posterior,tv_distance,active_species,no_harm_applied,no_harm_action,lp_certified,solver_message,delta,lambda,alpha,w_opt_Raw milk of buffalo,w_base_Raw milk of buffalo,w_opt_Raw milk of camel,w_base_Raw milk of camel,w_opt_Raw milk of cattle,w_base_Raw milk of cattle,w_opt_Raw milk of goats,w_base_Raw milk of goats,w_opt_Raw milk of sheep,w_base_Raw milk of sheep
231,Ethiopia,3783826.3499999996,1007623.3999999997,0.26629747424852057,0.2507358150154195,0.11616021876539503,0.31976856577172225,0.1262847848617035,53.67226705995252,60.50744245078291,0.5408143222065734,0.5092106871578038,0.0902073849134223,4,False,not_needed,True,Optimization terminated successfully. (HiGHS Status 7: Optimal),0.1,0.5,0.9,0.0,0.0,0.0,0.0616441264541645,1.0,0.9097926150865776,0.0,0.0138235915609605,0.0,0.0147396668982972
232,Eritrea,147781.09,76247.29999999999,0.5159476087231455,0.8178597550488069,0.40304402275555923,1.0391816804897736,0.42971509806327257,50.71966553342546,58.64870348169101,0.03867237553826751,0.061301921067444344,0.09999999999999992,4,False,not_needed,True,Optimization terminated successfully. (HiGHS Status 7: Optimal),0.1,0.5,0.9,0.0,0.0,0.0,0.0838314293120994,0.9120118751323325,0.8120118751323325,0.064230545328905,0.064230545328905,0.023757579538762452,0.0399261502266629
498,Republic of Moldova,261283.0,11034.799999999977,0.04223313418783455,0.05949400788300761,0.03006508946697944,0.06823312542527046,0.03139899528793772,49.465348634603444,53.98276849808647,0.00545840229113121,0.007689276090495089,0.09999999999999998,3,False,not_needed,True,Optimization terminated successfully. (HiGHS Status 7: Optimal),0.1,0.5,0.9,0.0,0.0,0.0,0.0,0.9875625279868954,0.8875625279868953,0.012437472013104633,0.0282337542052104,0.0,0.0842037178078941
642,Romania,4318400.0,208897.1999999996,0.04837374953686539,0.07627956812857305,0.03890837410288131,0.08754585509797291,0.04062892967093457,48.99240378852265,53.59125840342004,0.10234375972691755,0.16138376428054718,0.09999999999999992,4,False,not_needed,True,Optimization terminated successfully. (HiGHS Status 7: Optimal),0.1,0.5,0.9,0.0044692478695813,0.0044692478695813,0.0,0.0,0.9379955539088551,0.837995553908855,0.0537004446091144,0.0537004446091144,0.0038347536124492265,0.103834753612449
4,Afghanistan,2219532.66,345134.19999999995,0.15549859041046937,0.2634711650869602,0.1343908002095692,0.2994772992864586,0.1395521016754789,48.99221697933711,53.40144244389178,0.16908889613389927,0.2864980856100863,0.10000000000000003,4,False,not_needed,True,Optimization terminated successfully. (HiGHS Status 7: Optimal),0.1,0.5,0.9,0.0,0.0,0.0,0.0030787967769755,0.957095754563035,0.8570957545630348,0.04290424543696503,0.0536483387453284,0.0,0.086177109914661
807,North Macedonia,291731.0,16158.09999999998,0.05538698321398815,0.09972277962060791,0.05149235574118457,0.11678952973769612,0.05515500211900461,48.3645001301753,52.77401814796223,0.007814784295533846,0.01407030978876805,0.09999999999999992,3,False,not_needed,True,Optimization terminated successfully. (HiGHS Status 7: Optimal),0.1,0.5,0.9,0.0,0.0,0.0,0.0,0.9414532565959737,0.8414532565959737,0.0499878312555059,0.0499878312555059,0.008558912148520448,0.1085589121485203
100,Bulgaria,815780.0,33289.299999999974,0.040806712594081695,0.056415739297919286,0.030964275020430723,0.06316862600070194,0.03163379610923458,45.114119914453134,49.921665054289676,0.015018174720682035,0.02076279552828962,0.10000000000000003,4,False,not_needed,True,Optimization terminated successfully. (HiGHS Status 7: Optimal),0.1,0.5,0.9,0.0,0.0206918531957145,0.0,0.0,0.9909142170683274,0.8909142170683273,0.009085782931672615,0.0246389958076932,0.0,0.0637549339282649
8,Albania,927585.0,47409.19999999992,0.051110356463288986,0.08948864748640392,0.0498645863137296,0.10036589475475426,0.05201197749507692,44.278310473621175,48.177637809966164,0.020991992769059973,0.03675468478285511,0.09999999999999999,3,False,not_needed,True,Optimization terminated successfully. (HiGHS Status 7: Optimal),0.1,0.5,0.9,0.0,0.0,0.0,0.0,0.9498488009185142,0.8498488009185142,0.0501511990814858,0.078539433043872,0.0,0.0716117660376138
724,Spain,8564630.0,236518.09999999945,0.02761568217190928,0.028250445260664322,0.01589026934345503,0.03146801478000127,0.016324692945437067,43.752145508373616,48.122901747803205,0.10348174326564037,0.10586033346580821,0.09999999999999992,3,False,not_needed,True,Optimization terminated successfully. (HiGHS Status 7: Optimal),0.1,0.5,0.9,0.0,0.0,0.0,0.0,0.9832255450614913,0.8832255450614913,0.01677445493850871,0.0549037144628547,0.0,0.0618707404756539
729,Sudan,4511513.449999999,978282.2999999998,0.21684126864345243,0.36941836595002653,0.21588816908479821,0.4174936528069992,0.2426002698899456,41.559979420730066,41.891267505785066,0.40657392255664465,0.6926535481386252,0.10000000000000012,4,False,not_needed,True,Optimization terminated successfully. (HiGHS Status 7: Optimal),0.1,0.5,0.9,0.0,0.0,0.0,0.0135004739928238,0.7458568354705892,0.645856835470589,0.2506670438941061,0.2506670438941061,0.003476120635304669,0.0899756466424809
686,Senegal,257436.8,110032.89999999997,0.42741713694390215,0.2791059896481756,0.1636913607940903,0.3205150794594536,0.17680206515611013,41.35154139815134,44.83814444727982,0.045500300195086454,0.029711972725383392,0.1,4,False,not_needed,True,Optimization terminated successfully. (HiGHS Status 7: Optimal),0.1,0.5,0.9,0.0,0.0,0.0,0.0009536321147559,0.9934231625004661,0.893423162500466,0.006576837499533861,0.0557497995624557,0.0,0.0498734058223222
68,Bolivia (Plurinational State of),637311.83,67012.29999999996,0.1051483698333356,0.04811247565651874,0.028590300514772567,0.05285410350611674,0.029165834911254334,40.576118512623495,44.81822039062868,0.027190990266034776,0.01244171316516676,0.09530315795330517,3,False,not_needed,True,Optimization terminated successfully. (HiGHS Status 7: Optimal),0.1,0.5,0.9,0.0,0.0,0.0,0.0,1.0,0.9046968420466948,0.0,0.046545503478258,0.0,0.0487576544750471
364,Iran (Islamic Republic of),8477193.72,498764.1999999996,0.05883600357312578,0.029256707455869013,0.01742556267310892,0.032500940526558914,0.018275717324397586,40.439084953787976,43.768650911923146,0.2016956785570808,0.10029490625282461,0.09706782069385106,4,False,not_needed,True,Optimization terminated successfully. (HiGHS Status 7: Optimal),0.1,0.5,0.9,0.0,0.0121032812731333,0.0,0.0,1.0,0.9029321793061488,0.0,0.0380025065653448,0.0,0.0469620328553728
404,Kenya,6068104.88,741455.1999999995,0.12218892301017689,0.1906044111149057,0.11412419061862064,0.2674917026074925,0.14511515869997815,40.12510521080177,45.74965978929267,0.2975096790909605,0.4640899992169834,0.10000000000000003,4,False,not_needed,True,Optimization terminated successfully. (HiGHS Status 7: Optimal),0.1,0.5,0.9,0.0,0.0,0.06594828202771603,0.165948282027716,0.875474401490569,0.7754744014905689,0.043371626760676504,0.0433716267606765,0.015205689721038501,0.0152056897210385
422,Lebanon,222576.0,7833.999999999984,0.03519696642944424,0.025739796977190536,0.015473037130112307,0.030853770834112962,0.017756322569975964,39.88671649654493,42.45007307066668,0.003124725370339323,0.002285134339723284,0.09999999999999996,3,False,not_needed,True,Optimization terminated successfully. (HiGHS Status 7: Optimal),0.1,0.5,0.9,0.0,0.0,0.0,0.0,0.948074365609949,0.848074365609949,0.051925634390051045,0.096497376177126,0.0,0.055428258212925
470,Malta,40390.0,1109.7999999999981,0.027477098291656298,0.040231892604141305,0.02445733441512494,0.04496612563011613,0.025622893084749594,39.20908803428402,43.01734310952371,0.00043514245900448336,0.000637134405254371,0.07650408516959634,3,False,not_needed,True,Optimization terminated successfully. (HiGHS Status 7: Optimal),0.1,0.5,0.9,0.0,0.0,0.0,0.0,1.0,0.9234959148304036,0.0,0.026491705867789,0.0,0.0500123793018073
51,Armenia,591600.0,14234.299999999956,0.02406068289384711,0.03179890638925043,0.019421343329352993,0.03539899798264137,0.019833669002039648,38.92449290042771,43.97110050469367,0.005540629092925564,0.007322566306235325,0.058485463150777565,3,False,not_needed,True,Optimization terminated successfully. (HiGHS Status 7: Optimal),0.1,0.5,0.9,0.0,0.0,0.0,0.0,1.0,0.9415145368492224,0.0,0.0040567951318458,0.0,0.0544286680189317
324,Guinea,293050.41,86118.99999999997,0.29387094186286916,0.3914813067343044,0.24356632819233925,0.43560100071995855,0.2613909905533627,37.78340778921381,39.9930234041388,0.03253869295399303,0.04334654510686409,0.09999999999999998,3,False,not_needed,True,Optimization terminated successfully. (HiGHS Status 7: Optimal),0.1,0.5,0.9,0.0,0.0,0.0,0.0,0.9019098147653164,0.8019098147653164,0.0980901852346836,0.1417479334016287,0.0,0.0563422518330549
360,Indonesia,1373066.29,293686.69999999995,0.21389112975747138,0.17889852588638241,0.1122651632274544,0.20318063897544378,0.1256845295482676,37.246457078828335,38.14148327220405,0.10938789066172733,0.09149202405631883,0.09999999999999998,4,False,not_needed,True,Optimization terminated successfully. (HiGHS Status 7: Optimal),0.1,0.5,0.9,0.0611769443411213,0.0611769443411213,0.0,0.0,0.6734423645343446,0.5734423645343445,0.2597776324404555,0.2597776324404555,0.005603058684078621,0.1056030586840785
120,Cameroon,283105.89999999997,67137.7,0.23714694748502235,0.1668263717103794,0.105131624894549,0.1878242321112721,0.11682404434136957,36.98141138197034,37.80139919743696,0.0248284690293931,0.017466146822567797,0.09999999999999998,3,False,not_needed,True,Optimization terminated successfully. (HiGHS Status 7: Optimal),0.1,0.5,0.9,0.0,0.0,0.0,0.0,0.8231948892622867,0.7231948892622867,0.17680511073771332,0.2098066483248848,0.0,0.0669984624128285
499,Montenegro,161394.4,8327.199999999999,0.05159534655477512,0.07005319551601191,0.04421104071665332,0.07756795067543433,0.04594098577215535,36.889330470944614,40.77323769402509,0.0030718483269764995,0.0041707790685496,0.07747982581799613,3,False,not_needed,True,Optimization terminated successfully. (HiGHS Status 7: Optimal),0.1,0.5,0.9,0.0,0.0,0.0,0.0,1.0,0.9225201741820038,0.0,0.0345489062817545,0.0,0.0429309195362416
792,Türkiye,21481567.040000003,611605.8999999986,0.028471195740103608,0.02642057015132985,0.016798408433332697,0.028919079722162032,0.0171634951508983,36.419205425484854,40.649926222427055,0.22274200911538494,0.2066991120148774,0.07074244756773573,4,False,not_needed,True,Optimization terminated successfully. (HiGHS Status 7: Optimal),0.1,0.5,0.9,0.0,0.0020028748331015,0.0,0.0,1.0,0.9292575524322642,0.0,0.0252801859840482,0.0,0.0434593867505859
148,Chad,469294.2,1091283.5,2.3253718030182338,0.9367835840240835,0.5996965722201464,1.1215897138805098,0.6749704788153951,35.98344564877335,39.820197130721546,0.3926814050965315,0.1581929795349192,0.10000000000000003,4,False,not_needed,True,Optimization terminated successfully. (HiGHS Status 7: Optimal),0.1,0.5,0.9,0.0,0.0,0.0,0.0752883585605788,0.6610963016376508,0.5610963016376506,0.2609959807728286,0.2609959807728286,0.07790771758952064,0.1026193590289417
12,Algeria,3313144.3699999996,256990.99999999974,0.07756709980012116,0.05818143990693422,0.037269298631904424,0.06843759726661121,0.04192875845268133,35.94297650329796,38.73432129807222,0.09237021474559037,0.06928494313000957,0.10000000000000005,4,False,not_needed,True,Optimization terminated successfully. (HiGHS Status 7: Optimal),0.1,0.5,0.9,0.0,0.0,0.0,0.004614996599137,0.8302055962022568,0.7302055962022566,0.0977292818664584,0.0977292818664584,0.07206512193128489,0.1674501253321478
562,Niger,1641790.6500000001,391250.0999999999,0.23830693639289507,0.5271114363088397,0.33860548608240304,0.6251108338406937,0.3837317346489456,35.762067988217424,38.613808323991115,0.13991912676596863,0.30948730655112916,0.1,4,False,not_needed,True,Optimization terminated successfully. (HiGHS Status 7: Optimal),0.1,0.5,0.9,0.0,0.0,0.0,0.0668438147092627,0.6626555371112632,0.5626555371112631,0.2630698682563456,0.2630698682563456,0.07427459463239117,0.1074307799231284
156,"China, mainland",46780165.29,4680849.399999996,0.10006055709684694,0.0461436410514634,0.029705332652695766,0.04992724512108104,0.030248184346719595,35.624211753108526,39.415474910816286,1.6675157021001084,0.7689867839823452,0.09999999999999991,5,False,not_needed,True,Optimization terminated successfully. (HiGHS Status 7: Optimal),0.1,0.5,0.9,0.0,0.0700050799243338,0.0,0.0004591674669561,0.9971002932512297,0.8971002932512298,0.002899706748770168,0.0046507364531802,0.0,0.0277847229042999
887,Yemen,434165.0,147773.4,0.34036230465376005,0.2673531371166462,0.1753485772582265,0.31056591920820764,0.19618141527642913,34.413121480702166,36.830990413694934,0.05085343965816394,0.03994515973093079,0.09999999999999994,4,False,not_needed,True,Optimization terminated successfully. (HiGHS Status 7: Optimal),0.1,0.5,0.9,0.0,0.0,0.0,0.0080153858556078,0.7366450542996326,0.6366450542996325,0.199585411076434,0.199585411076434,0.06376953462393342,0.1557541487683254
400,Jordan,642700.96,21274.399999999972,0.033101553170233264,0.022842519237616713,0.014991559590731916,0.02725671261069381,0.017149704863488466,34.36993776919297,37.0808024121001,0.00731199804076918,0.005045819301974119,0.1,3,False,not_needed,True,Optimization terminated successfully. (HiGHS Status 7: Optimal),0.1,0.5,0.9,0.0,0.0,0.0,0.0,0.8555612800080461,0.755561280008046,0.0521704526472155,0.0521704526472155,0.09226826734473836,0.1922682673447383
368,Iraq,362957.0,84980.0,0.23413241788972222,0.30226650951829026,0.2005226856628843,0.3527064827552403,0.22354736812991677,33.66030329246562,36.61943313782331,0.028604525737937286,0.03692863307508657,0.1,5,False,not_needed,True,Optimization terminated successfully. (HiGHS Status 7: Optimal),0.1,0.5,0.9,0.1184768443644839,0.1184768443644839,0.0,0.0011874684880027,0.7543667707193966,0.6543667707193965,0.0637789049391525,0.0637789049391525,0.06337747997696698,0.1621900114889642
728,South Sudan,3518904.5100000002,565656.4999999999,0.16074789707777537,0.254996272247245,0.17045663565945787,0.2808108184618237,0.1821695258820888,33.1532833177331,35.127312088634945,0.1875337020501729,0.29748690846252523,0.09999999999999988,3,False,not_needed,True,Optimization terminated successfully. (HiGHS Status 7: Optimal),0.1,0.5,0.9,0.0,0.0,0.0,0.0,0.916388953390497,0.816388953390497,0.08361104660950303,0.1450631321621171,0.0,0.0385479144473857
512,Oman,376139.24,23393.499999999985,0.062193723792284966,0.0721154488736571,0.04898380303174264,0.0812098124431594,0.055589220402150995,32.07585365299469,31.548640823349817,0.007503664824313309,0.008700719686926865,0.09999999999999994,3,False,not_needed,True,Optimization terminated successfully. (HiGHS Status 7: Optimal),0.1,0.5,0.9,0.0,0.0,0.0,0.0,0.7287033493235111,0.6287033493235111,0.2712966506764889,0.3100170830355269,0.0,0.0612795676409619
380,Italy,13842200.0,340868.6,0.024625319674618174,0.029234500730491157,0.019992925323271717,0.03170455158330004,0.020471050883278462,31.61188040259778,35.43182331567395,0.10775497416200941,0.12792373510181293,0.05658276863504352,4,False,not_needed,True,Optimization terminated successfully. (HiGHS Status 7: Optimal),0.1,0.5,0.9,0.0,0.0183699122971781,0.0,0.0,1.0,0.9434172313649564,0.0,0.0041655228215168,0.0,0.0340473335163485
854,Burkina Faso,440911.63,195904.89999999997,0.44431783303153005,1.340308776814241,0.9370435134170777,1.5620092118462119,1.058699524276938,30.08748956756653,32.22194105849021,0.05894286634985162,0.17780434460682262,0.1,4,False,not_needed,True,Optimization terminated successfully. (HiGHS Status 7: Optimal),0.1,0.5,0.9,0.0,0.0,0.0,0.000602479004693,0.6213007422825296,0.5213007422825295,0.3008955105130703,0.3008955105130703,0.07780374720440009,0.177201268199707
620,Portugal,2058680.0,53205.89999999986,0.025844667456816912,0.024645398097359363,0.01724196376526411,0.026733236979776278,0.017612747744273485,30.03982448507697,34.11666623986632,0.01598295897570553,0.015241302190797851,0.0479676297433307,3,False,not_needed,True,Optimization terminated successfully. (HiGHS Status 7: Optimal),0.1,0.5,0.9,0.0,0.0,0.0,0.0,1.0,0.9520323702566692,0.0,0.0138098198845862,0.0,0.0341578098587444
624,Guinea-Bissau,38889.2,12010.699999999997,0.30884410067576595,1.1220522929565195,0.7927272335197961,1.3024787007667558,0.8976800930017281,29.350241651302877,31.079096151570607,0.003525169474013034,0.012807188101446624,0.09999999999999995,3,False,not_needed,True,Optimization terminated successfully. (HiGHS Status 7: Optimal),0.1,0.5,0.9,0.0,0.0,0.0,0.0,0.5623183300247883,0.4623183300247883,0.366984406981887,0.366984406981887,0.07069726299332468,0.1706972629933246
478,Mauritania,362460.93999999994,191833.59999999995,0.5292531658721624,0.723624952393161,0.5311381705134327,0.8636429038420907,0.62210291838747,26.600351638392105,27.96757599467107,0.051028412160586546,0.06976893989770129,0.10000000000000005,4,False,not_needed,True,Optimization terminated successfully. (HiGHS Status 7: Optimal),0.1,0.5,0.9,0.0,0.0,0.0,0.0738061872266843,0.5125238984371668,0.4125238984371667,0.2954425378911173,0.2954425378911173,0.19203356367171587,0.2182273764450315
434,Libya,226694.58000000002,61708.2,0.27220853714279347,0.1849900499943214,0.13612633122699105,0.22208389054710717,0.16074036997335028,26.414241613984267,27.62177860926164,0.01629975304364064,0.011077140203198069,0.09999999999999998,4,False,not_needed,True,Optimization terminated successfully. (HiGHS Status 7: Optimal),0.1,0.5,0.9,0.0,0.0,0.0,0.0098238343413415,0.7274174706779492,0.6274174706779491,0.0923962099137968,0.0923962099137968,0.18018631940825403,0.2703624850669124
646,Rwanda,235468.49,26133.699999999993,0.11098597523600712,0.1649795530908951,0.12236786250128828,0.1819160841588807,0.1322649750051586,25.82846770480097,27.29341354465289,0.006749934264569569,0.010033710439481926,0.10000000000000002,3,False,not_needed,True,Optimization terminated successfully. (HiGHS Status 7: Optimal),0.1,0.5,0.9,0.0,0.0,0.0,0.0,0.8741480399351947,0.7741480399351947,0.12585196006480526,0.2032095674457334,0.0,0.0226423926190718
504,Morocco,2046617.73,212947.3999999998,0.10404844875452131,0.04836013692294671,0.036525076864412774,0.0530325082836544,0.03893031499302515,24.472759614785634,26.591601542210675,0.05211410530793597,0.02422184375141039,0.04378821148979292,4,False,not_needed,True,Optimization terminated successfully. (HiGHS Status 7: Optimal),0.1,0.5,0.9,0.0,0.0,0.0,0.0042853435067231,1.0,0.956211788510207,0.0,0.0221441255666245,0.0,0.0173587424164453
50,Bangladesh,14068000.0,798873.7999999995,0.05678659368780207,0.06270202634867726,0.04746267038475345,0.0692892624333233,0.05173720216333475,24.304407451172104,25.33157325332883,0.19416154337266162,0.21438725970048017,0.09999999999999999,4,False,not_needed,True,Optimization terminated successfully. (HiGHS Status 7: Optimal),0.1,0.5,0.9,0.0,0.025,0.0,0.0,1.0,0.9,0.0,0.07,0.0,0.005
414,Kuwait,58790.31,5413.099999999994,0.0920746973438307,0.01178918800548292,0.009075459230400255,0.01262846033786576,0.009332210314374595,23.01879292976381,26.101756946629017,0.0012460302800810434,0.00015954095594303015,0.10000000000000002,3,False,not_needed,True,Optimization terminated successfully. (HiGHS Status 7: Optimal),0.1,0.5,0.9,0.0,0.0,0.0,0.0,0.9912771509454534,0.8912771509454533,0.008722849054546566,0.1036832430378407,0.0,0.0050396060167058
458,Malaysia,46300.56,8139.4,0.17579484999749456,0.14693903813410356,0.11380116788008343,0.165687289725232,0.12184452385156339,22.552121393211333,26.461152177922276,0.0018356073686790432,0.001534301949968474,0.09999999999999994,2,False,not_needed,True,Optimization terminated successfully. (HiGHS Status 7: Optimal),0.1,0.5,0.9,0.033663178155944606,0.1336631781559445,0.0,0.0,0.9663368218440553,0.8663368218440554,0.0,0.0,0.0,0.0
104,Myanmar,2242389.94,251848.8,0.11231266940129053,0.0971941304023437,0.07565116700151026,0.10929489432883416,0.0800242667291203,22.16488105984842,26.78133116781072,0.05582198697065552,0.04830772440781712,0.10000000000000003,4,False,not_needed,True,Optimization terminated successfully. (HiGHS Status 7: Optimal),0.1,0.5,0.9,0.04832020250679503,0.1471644133401704,0.0,0.0,0.9473102586252239,0.8473102586252238,0.0043695388679811,0.0043695388679811,0.0,0.0011557891666246
262,Djibouti,15290.29,4727.0,0.3091504477678317,0.9574260323831919,0.7517597688625527,1.4476706901632306,1.1197168088394074,21.481164765146588,22.653900749129974,0.0010154146584484792,0.003144696812446995,0.09999999999999995,2,False,not_needed,True,Optimization terminated successfully. (HiGHS Status 7: Optimal),0.1,0.5,0.9,0.0,0.0,0.3008772887891597,0.4008772887891596,0.6991227112108402,0.5991227112108403,0.0,0.0,0.0,0.0
818,Egypt,5633666.66,172419.09999999983,0.030605129910188822,0.028675987034980723,0.022705180422967593,0.032968453816081864,0.025083868243863456,20.821625441278012,23.915545497533596,0.03590045919122255,0.03363753414340592,0.09999999999999996,4,False,not_needed,True,Optimization terminated successfully. (HiGHS Status 7: Optimal),0.1,0.5,0.9,0.10949647915448375,0.2053724634108898,0.0,0.0,0.8890065685923988,0.7890065685923987,0.0014969522531175002,0.0014969522531175,0.0,0.0041240157435938
48,Bahrain,11010.539999999999,663.899999999999,0.06029677018565825,0.0257543091186103,0.020722072878428748,0.027359192886868007,0.021579421315824993,19.539395201811928,21.125519290509544,0.00012972204474482916,5.540763841196861e-05,0.04379530885860276,3,False,not_needed,True,Optimization terminated successfully. (HiGHS Status 7: Optimal),0.1,0.5,0.9,0.0,0.0,0.0,0.0,1.0,0.9562046911413972,0.0,0.029357324890514,0.0,0.0144379839680887
144,Sri Lanka,535325.75,43354.799999999996,0.08098769767753555,0.08439929044017112,0.06794519416580366,0.09591203033460724,0.07330131817622784,19.495538633741738,23.574427607775228,0.008452251783581461,0.008808301428647967,0.09999999999999995,3,False,not_needed,True,Optimization terminated successfully. (HiGHS Status 7: Optimal),0.1,0.5,0.9,0.07904985889432758,0.1790498588943274,0.0,0.0,0.8909763354368812,0.7909763354368811,0.0299738056687913,0.0299738056687913,0.0,0.0
466,Mali,1114138.0,457047.49999999994,0.4102252144707387,2.6039170966502425,2.098896808641322,3.4287959866001607,2.645238452044814,19.394637742445553,22.852264690506917,0.08864270693590383,0.5626622936416825,0.10000000000000003,4,False,not_needed,True,Optimization terminated successfully. (HiGHS Status 7: Optimal),0.1,0.5,0.9,0.0,0.0,0.1632824659063779,0.2632824659063778,0.3794564048618753,0.2794564048618752,0.2651888724736074,0.2651888724736074,0.1920722567581394,0.1920722567581394
250,France,25050500.0,500595.49999999854,0.019983453424083288,0.022610392368910708,0.01837460674735718,0.02361523294169784,0.018721574983670705,18.733799716707843,20.722463208848197,0.09378055836085193,0.10610854771272661,0.04219157302249458,3,False,not_needed,True,Optimization terminated successfully. (HiGHS Status 7: Optimal),0.1,0.5,0.9,0.0,0.0,0.0,0.0,1.0,0.9578084269775053,0.0,0.0286660944891319,0.0,0.0135254785333626
496,Mongolia,250535.56999999998,395755.29999999993,1.5796371748729996,0.9229431045258725,0.7533313091112429,0.9709457099496107,0.7795198708915628,18.377275325304186,19.715400881474864,0.07272904109548356,0.0424937878429276,0.05990782067392662,4,False,not_needed,True,Optimization terminated successfully. (HiGHS Status 7: Optimal),0.1,0.5,0.9,0.0,0.0,0.0,0.003774114789369,1.0,0.9400921793260733,0.0,0.0538487608765493,0.0,0.0022849450080082
862,Venezuela (Bolivarian Republic of),3737189.0,219065.29999999996,0.058617666914892445,0.07432427125165632,0.06094643146245296,0.0790542970779151,0.06289179861095923,17.999288205473295,20.444807005274214,0.03943019470518469,0.049995515703973106,0.08413864003131757,2,False,not_needed,True,Optimization terminated successfully. (HiGHS Status 7: Optimal),0.1,0.5,0.9,0.0,0.0,0.0,0.0,1.0,0.9158613599686825,0.0,0.0841386400313176,0.0,0.0
454,Malawi,224476.33000000002,74186.99999999999,0.3304891878800762,0.33404643264425793,0.274037523908277,0.39375412457168657,0.32763165221479346,17.964241755542798,16.79283294589462,0.013327132031184534,0.013470579600357937,0.10000000000000005,3,False,not_needed,True,Optimization terminated successfully. (HiGHS Status 7: Optimal),0.1,0.5,0.9,0.0,0.0,0.0,0.0,0.40673069182839905,0.3067306918283989,0.593269308171601,0.6599163484185615,0.0,0.0333529597530394
788,Tunisia,1422529.35,69040.59999999995,0.04853369106233125,0.017223406643786042,0.014137610336538507,0.01807195154470139,0.01445997571972751,17.91629479038542,19.98663960579783,0.012369517421050828,0.004389635815181236,0.02489807328052672,4,False,not_needed,True,Optimization terminated successfully. (HiGHS Status 7: Optimal),0.1,0.5,0.9,0.0,0.0,0.0,0.0007785709307157,1.0,0.9751019267194732,0.0,0.0080292262511139,0.0,0.016090276098697
598,Papua New Guinea,204.14000000000001,211.30000000000004,1.0350739688449107,1.7820831733337432,1.4742990717371476,1.9772326564706812,1.5724814237391274,17.271028995847814,20.47059213830842,3.6493684268226436e-05,6.283104649992904e-05,0.09999999999999994,2,False,not_needed,True,Optimization terminated successfully. (HiGHS Status 7: Optimal),0.1,0.5,0.9,0.0,0.0,0.0,0.0,0.9042519839325952,0.8042519839325952,0.0957480160674048,0.1957480160674047,0.0,0.0
72,Botswana,34152.0,6217.499999999998,0.1820537596626844,0.011681695715513413,0.009710763535278596,0.013038203340292667,0.010461569444946861,16.871969859798675,19.762185234395712,0.0010490147260329822,6.731127581937945e-05,0.09999999999999991,2,False,not_needed,True,Optimization terminated successfully. (HiGHS Status 7: Optimal),0.1,0.5,0.9,0.0,0.0,0.0,0.0,0.8905832747716091,0.7905832747716092,0.10941672522839085,0.2094167252283907,0.0,0.0
204,Benin,175044.07,46329.29999999999,0.2646722051195449,0.3534377084104437,0.2946647844377856,0.3946320321658968,0.3174300345353073,16.62893420087641,19.56303374738091,0.007704068812726633,0.010287851817974642,0.09999999999999996,2,False,not_needed,True,Optimization terminated successfully. (HiGHS Status 7: Optimal),0.1,0.5,0.9,0.0,0.0,0.0,0.0,0.8819345151195352,0.7819345151195352,0.11806548488046475,0.2180654848804646,0.0,0.0
300,Greece,1962510.0,91758.09999999989,0.04675548150073114,0.13161948807672644,0.10997653010056466,0.16206850999517577,0.13416191075397238,16.443581640087523,17.219013886185586,0.015088318084893132,0.04247452145779726,0.09999999999999998,3,False,not_needed,True,Optimization terminated successfully. (HiGHS Status 7: Optimal),0.1,0.5,0.9,0.0,0.0,0.0,0.0,0.44120590468328824,0.3412059046832882,0.1777927246230592,0.1777927246230592,0.3810013706936526,0.4810013706936525
586,Pakistan,64581550.0,4388751.799999994,0.06795674306361478,0.13750360450250798,0.11568385773848605,0.16924853802076575,0.14287336615056456,15.868490751908947,15.583692585258913,0.6964286735072365,1.4091530666280205,0.09999999999999999,5,False,not_needed,True,Optimization terminated successfully. (HiGHS Status 7: Optimal),0.1,0.5,0.9,0.5138301109217726,0.598376780984662,0.0,0.014802989398675,0.46997331281147636,0.3699733128114763,0.0161965762667511,0.0161965762667511,0.0,0.0006503405384355
634,Qatar,44033.850000000006,11309.199999999997,0.2568296889779112,0.34881743232190315,0.295614173179515,0.46941188052436195,0.3859080813834672,15.252465677601224,17.78902550306478,0.001724931848411277,0.002342744332587049,0.10000000000000003,4,False,not_needed,True,Optimization terminated successfully. (HiGHS Status 7: Optimal),0.1,0.5,0.9,0.0,0.0,0.26929952752257635,0.3692995275225763,0.27032351247960384,0.1703235124796037,0.2101558233041171,0.2101558233041171,0.2502211366937027,0.2502211366937027
706,Somalia,2163475.14,532975.4999999998,0.24635157120409515,1.2177227120284815,1.0358446927415006,1.7283984991349666,1.4381423160964837,14.93591418558734,16.793360048840068,0.07960476331020502,0.39348857323982367,0.10000000000000006,4,False,not_needed,True,Optimization terminated successfully. (HiGHS Status 7: Optimal),0.1,0.5,0.9,0.0,0.0,0.36058756191670405,0.460587561916704,0.31122603701376494,0.2112260370137648,0.1736644683608428,0.1736644683608428,0.1545219327086882,0.1545219327086882
376,Israel,1687299.0,8727.399999999961,0.0051724086839380215,0.004116345335575517,0.0035063250706592183,0.004303834879259322,0.0036090322967092846,14.819462780350278,16.143802028706332,0.0012933537946922845,0.001029286582973005,0.02423873895498073,3,False,not_needed,True,Optimization terminated successfully. (HiGHS Status 7: Optimal),0.1,0.5,0.9,0.0,0.0,0.0,0.0,1.0,0.9757612610450191,0.0,0.0118034799996918,0.0,0.0124352589552888
108,Burundi,97732.6,27706.09999999999,0.28348882563238853,0.2583222386706543,0.2223177203639205,0.30618942127383864,0.2635372198855742,13.937831482111552,13.930004900501991,0.0038616295282653075,0.003518815185864691,0.1,3,False,not_needed,True,Optimization terminated successfully. (HiGHS Status 7: Optimal),0.1,0.5,0.9,0.0,0.0,0.0,0.0,0.4734066217413637,0.3734066217413636,0.5265933782586363,0.6127207298281228,0.0,0.0138726484305134
834,United Republic of Tanzania,4317642.17,569108.3999999999,0.13180999665843077,0.12915709401145853,0.11148037684890773,0.13568865874445318,0.11525288497769615,13.686214681310938,15.06078249711672,0.07788939739337376,0.07632173944819208,0.06077858230664816,2,False,not_needed,True,Optimization terminated successfully. (HiGHS Status 7: Optimal),0.1,0.5,0.9,0.0,0.0,0.0,0.0,1.0,0.9392214176933518,0.0,0.0607785823066481,0.0,0.0
31,Azerbaijan,2283990.0,97877.09999999986,0.04285355890349771,0.032085412945493275,0.027787408288044563,0.03339358468789134,0.02827526948809577,13.395509868456934,15.327240988450963,0.013111136589459444,0.009816599657566281,0.015019330207225116,3,False,not_needed,True,Optimization terminated successfully. (HiGHS Status 7: Optimal),0.1,0.5,0.9,0.0,0.0,0.0,0.0,1.0,0.9849806697927748,0.0,0.002049483579175,0.0,0.01296984662805
191,Croatia,479000.0,14803.399999999967,0.030904801670146066,0.02742796507635786,0.023790508953800228,0.030039552751893836,0.025804653409341894,13.261851954496684,14.097744322391591,0.0019632049922319577,0.0017423414827051054,0.022964509394571977,3,False,not_needed,True,Optimization terminated successfully. (HiGHS Status 7: Optimal),0.1,0.5,0.9,0.0,0.0,0.0,0.0,1.0,0.977035490605428,0.0,0.0125260960334029,0.0,0.0104384133611691
703,Slovakia,925810.0,15012.899999999996,0.01621596223847225,0.016361204925880984,0.014204174195411035,0.017130494883016528,0.01455794974779398,13.183813418642831,15.017342772583964,0.001979272724727429,0.0019970006205763838,0.01318845119408956,2,False,not_needed,True,Optimization terminated successfully. (HiGHS Status 7: Optimal),0.1,0.5,0.9,0.0,0.0,0.0,0.0,1.0,0.9868115488059104,0.0,0.0,0.0,0.0131884511940895
356,India,239306917.23000002,11537457.999999993,0.048211970358179146,0.07985563930913217,0.06950515829203033,0.09709689366702676,0.0828141429509644,12.961490392724428,14.709791607795431,1.4954265102346151,2.476941704050277,0.10000000000000002,4,False,not_needed,True,Optimization terminated successfully. (HiGHS Status 7: Optimal),0.1,0.5,0.9,0.3362440519413147,0.4362109177967116,0.0,3.3134144603012654e-05,0.6311385875145353,0.5311385875145352,0.032617360544150105,0.0326173605441501,0.0,0.0
524,Nepal,2770677.8,316392.1999999999,0.11419306856971957,0.199323009669466,0.1736635541565426,0.24328087747336818,0.20941446391931803,12.873303265626001,13.92070511491701,0.04073012741478594,0.07109408374974446,0.10000000000000002,4,False,not_needed,True,Optimization terminated successfully. (HiGHS Status 7: Optimal),0.1,0.5,0.9,0.41010461050361036,0.5052182862980314,0.0,0.0,0.5381765357198878,0.4381765357198876,0.0517188537765019,0.0517188537765019,0.0,0.0048863242055788
268,Georgia,601841.0,25369.099999999944,0.04215249542653279,0.04145366699957726,0.03628254789356764,0.04325961562843146,0.037261238576687346,12.4744551695809,13.865997107477323,0.003164657006426141,0.0031121914938799355,0.01644952736686269,3,False,not_needed,True,Optimization terminated successfully. (HiGHS Status 7: Optimal),0.1,0.5,0.9,0.0,0.0,0.0,0.0,1.0,0.9835504726331372,0.0,0.0052671718942378,0.0,0.0111823554726248
688,Serbia,1416791.0,63909.19999999999,0.045108417543589636,0.04149910532514919,0.03660575274370457,0.04292973314726261,0.03744972434337998,11.791465245105325,12.765066079224063,0.007535831106424851,0.006932857897217502,0.023281486118982925,3,False,not_needed,True,Optimization terminated successfully. (HiGHS Status 7: Optimal),0.1,0.5,0.9,0.0,0.0,0.0,0.0,1.0,0.976718513881017,0.0,0.0150918519386416,0.0,0.0081896341803413
762,Tajikistan,1175516.2,101492.59999999995,0.08633875058463673,0.10549850875607443,0.09364557675626674,0.11008639720116335,0.09589465009317145,11.235165444104178,12.891462949831123,0.011402861523522871,0.013933313583272338,0.04850311718375284,2,False,not_needed,True,Optimization terminated successfully. (HiGHS Status 7: Optimal),0.1,0.5,0.9,0.0,0.0,0.0,0.0,1.0,0.9514968828162472,0.0,0.0485031171837529,0.0,0.0
332,Haiti,100185.3,23817.799999999996,0.237737472463525,0.7114056273356458,0.6334706343490757,0.8439968735779266,0.7411876480188534,10.955071198755062,12.181232985287927,0.0026092569479770826,0.007807940652857425,0.10000000000000003,2,False,not_needed,True,Optimization terminated successfully. (HiGHS Status 7: Optimal),0.1,0.5,0.9,0.0,0.0,0.0,0.0,0.5704245033952087,0.4704245033952086,0.42957549660479133,0.5295754966047913,0.0,0.0
132,Cabo Verde,10439.05,1118.3999999999996,0.10713618576403021,0.20086010698762904,0.1795453447341755,0.23978329684150834,0.2115873585113831,10.61174494682825,11.758925121778663,0.0001186817554853271,0.00022250586890191427,0.1,2,False,not_needed,True,Optimization terminated successfully. (HiGHS Status 7: Optimal),0.1,0.5,0.9,0.0,0.0,0.0,0.0,0.540848544647262,0.4408485446472619,0.45915145535273805,0.559151455352738,0.0,0.0
44,Bahamas,2062.4900000000002,129.09999999999994,0.06259424288117757,0.20181475253593012,0.18262503201628472,0.242732075733296,0.21743568371968597,9.508581646541902,10.421528319728402,1.227557890568559e-05,3.957860667456345e-05,0.09999999999999998,2,False,not_needed,True,Optimization terminated successfully. (HiGHS Status 7: Optimal),0.1,0.5,0.9,0.0,0.0,0.0,0.0,0.4315555469359852,0.3315555469359851,0.5684444530640148,0.6684444530640147,0.0,0.0
96,Brunei Darussalam,169.43,65.39999999999999,0.3860001180428494,0.6250294886890521,0.5662544413399175,0.7918717147294675,0.7109854401665667,9.403563897826706,10.214567973366051,6.149930789178665e-06,9.958256272363863e-06,0.09999999999999988,2,False,not_needed,True,Optimization terminated successfully. (HiGHS Status 7: Optimal),0.1,0.5,0.9,0.6536445729799918,0.7536445729799915,0.0,0.0,0.3463554270200082,0.2463554270200082,0.0,0.0,0.0,0.0
508,Mozambique,23048.65,21381.999999999996,0.9276899080857229,0.16521200315219722,0.15222665865485324,0.2110716973931214,0.19344951730802695,7.859806944766334,8.348907173600406,0.0016805839209299372,0.00029929466044870736,0.09999999999999994,2,False,not_needed,True,Optimization terminated successfully. (HiGHS Status 7: Optimal),0.1,0.5,0.9,0.0,0.0,0.0,0.0,0.2110694118744481,0.1110694118744481,0.788930588125552,0.8889305881255518,0.0,0.0
398,Kazakhstan,3439878.4000000004,124834.39999999979,0.036290352589207486,0.0326209450586466,0.030129706409251007,0.03415394748779109,0.030621835657670043,7.6369297238838225,10.34173818819526,0.009533515399232011,0.008569558019301074,0.005657990701066625,3,False,not_needed,True,Optimization terminated successfully. (HiGHS Status 7: Optimal),0.1,0.5,0.9,0.0,0.0,0.0,0.0052816401882113,1.0,0.9943420092989333,0.0,0.0003763505128553,0.0,0.0
388,Jamaica,208692.23,3362.4999999999864,0.016112243373890753,0.10197075308037626,0.09432507746809345,0.12664615126683007,0.11651399079738363,7.497910313809564,8.000369824187592,0.00025211723430184556,0.0015955930933839156,0.10000000000000002,2,False,not_needed,True,Optimization terminated successfully. (HiGHS Status 7: Optimal),0.1,0.5,0.9,0.0,0.0,0.0,0.0,0.14980540003813275,0.0498054000381327,0.8501945999618672,0.9501945999618672,0.0,0.0
528,Netherlands (Kingdom of the),15117050.0,217079.59999999977,0.014359918105715052,0.015878561870962933,0.014774797481851369,0.01634847902759075,0.015078959740395349,6.95128688656631,7.765366338072677,0.015089825768210585,0.016685661458418974,0.02856046649313192,3,False,not_needed,True,Optimization terminated successfully. (HiGHS Status 7: Optimal),0.1,0.5,0.9,0.0,0.000297015621434,0.0,0.0,1.0,0.971439533506868,0.0,0.0282634508716978,0.0,0.0
795,Turkmenistan,2609241.85,120642.1999999998,0.0462364958618149,0.039062965758444264,0.03645974923643975,0.04115529737157727,0.03793831513428759,6.664154836839997,7.816690542276095,0.00803978300657017,0.006792421493825625,0.007716800955035959,3,False,not_needed,True,Optimization terminated successfully. (HiGHS Status 7: Optimal),0.1,0.5,0.9,0.0,0.0,0.0,0.0039862153828323,1.0,0.992283199044964,0.0,0.0037305855722036,0.0,0.0
804,Ukraine,7430400.0,152397.2999999998,0.020509972545219607,0.022610990913369152,0.021109453733683056,0.023261879865621275,0.021600981933724454,6.6407402729010245,7.139998751139032,0.01012030887591378,0.011157021859939572,0.021977282515073176,3,False,not_needed,True,Optimization terminated successfully. (HiGHS Status 7: Optimal),0.1,0.5,0.9,0.0,0.0,0.0,0.0,1.0,0.9780227174849268,0.0,0.0204295865633074,0.0,0.0015476959517657
704,Viet Nam,1246346.36,151635.09999999995,0.12166369226608852,0.027570611091267537,0.025840306821447726,0.028810115883950636,0.02687815804935308,6.275901045834464,6.705831529382356,0.009516468826752132,0.0021565584283823793,0.020742516550535876,2,False,not_needed,True,Optimization terminated successfully. (HiGHS Status 7: Optimal),0.1,0.5,0.9,0.0,0.0207425165505357,0.0,0.0,1.0,0.979257483449464,0.0,0.0,0.0,0.0
70,Bosnia and Herzegovina,583375.0,27900.499999999956,0.04782601242768363,0.0388582842595727,0.0365761219642761,0.04051113006463183,0.037950140456879645,5.873039272788761,6.321693825045993,0.0016386073223044256,0.0013313564290186523,0.0054184701092779425,2,False,not_needed,True,Optimization terminated successfully. (HiGHS Status 7: Optimal),0.1,0.5,0.9,0.0,0.0,0.0,0.0,1.0,0.994581529890722,0.0,0.0,0.0,0.0054184701092779
158,"China, Taiwan Province of",483647.0,6430.599999999985,0.013296060970087656,0.013297591145374887,0.012539995258730235,0.013677448626276154,0.012822167403613615,5.6972415406842725,6.25322197167264,0.00036636681451524195,0.0003664089777880258,0.023153250201076395,2,False,not_needed,True,Optimization terminated successfully. (HiGHS Status 7: Optimal),0.1,0.5,0.9,0.0,0.0,0.0,0.0,1.0,0.9768467497989236,0.0,0.0231532502010764,0.0,0.0
40,Austria,3716970.0,78644.89999999969,0.021158335956437534,0.020066049392138713,0.01902971549823808,0.020712735587241505,0.019583909140234806,5.164613490419489,5.449914822946056,0.0040617051149269,0.0038520219936118414,0.010271807413027224,3,False,not_needed,True,Optimization terminated successfully. (HiGHS Status 7: Optimal),0.1,0.5,0.9,0.0,0.0,0.0,0.0,1.0,0.9897281925869728,0.0,0.0071671280639876,0.0,0.0031046793490396
756,Switzerland,3767219.75,75703.89999999973,0.020095429792753555,0.02015095410871571,0.019468785896505657,0.020561521637726902,0.01984797522236626,3.385289890144705,3.470299659395848,0.002562796473145248,0.002569877561859899,0.0074694341894974686,3,False,not_needed,True,Optimization terminated successfully. (HiGHS Status 7: Optimal),0.1,0.5,0.9,0.0,0.0,0.0,0.0,1.0,0.9925305658105024,0.0,0.0057235843489087,0.0,0.0017458498405886
578,Norway,1409353.0,28561.699999999943,0.020265824105103504,0.019947588859240008,0.01927827433112901,0.020767285557668304,0.020047647384100118,3.35536556740772,3.4652490888606335,0.0009583494472662888,0.0009433004381368174,0.013306105709499357,2,False,not_needed,True,Optimization terminated successfully. (HiGHS Status 7: Optimal),0.1,0.5,0.9,0.0,0.0,0.0,0.0,1.0,0.9866938942905006,0.0,0.0133061057094993,0.0,0.0
484,Mexico,13909700.93,243793.09999999937,0.01752683980963199,0.014927278470291218,0.014454556770468753,0.015217788405275046,0.014688183672273671,3.166831119036817,3.480168858293453,0.007720515756864527,0.006575417467651715,0.012531842408203337,2,False,not_needed,True,Optimization terminated successfully. (HiGHS Status 7: Optimal),0.1,0.5,0.9,0.0,0.0,0.0,0.0,1.0,0.9874681575917966,0.0,0.0125318424082033,0.0,0.0
188,Costa Rica,1390704.12,59470.69999999993,0.04276301417730748,0.04611077036099473,0.04471802017430462,0.050570934097720927,0.04901648133166321,3.020444411981127,3.0738067108943667,0.0017962794349160578,0.0019369034227607095,0.01194367641623156,2,False,not_needed,True,Optimization terminated successfully. (HiGHS Status 7: Optimal),0.1,0.5,0.9,0.0,0.0,0.0,0.0,1.0,0.9880563235837684,0.0,0.0119436764162315,0.0,0.0
192,Cuba,233550.0,26163.499999999978,0.11202526225647601,0.06340490763376634,0.06151592758514684,0.06849217094896022,0.06639512478316002,2.9792331841731468,3.061731197515838,0.0007794716741411406,0.0004411712903550849,0.011774780560907725,2,False,not_needed,True,Optimization terminated successfully. (HiGHS Status 7: Optimal),0.1,0.5,0.9,0.0,0.0,0.0,0.0,1.0,0.9882252194390923,0.0,0.0117747805609077,0.0,0.0
218,Ecuador,2105318.28,64473.69999999984,0.030624205666422894,0.02978448700256983,0.029076058023474616,0.03058480882328037,0.029814717256040325,2.3785166386585455,2.5178890987668012,0.0015335176820587908,0.0014914684797708942,0.002431119346002021,3,False,not_needed,True,Optimization terminated successfully. (HiGHS Status 7: Optimal),0.1,0.5,0.9,0.0,0.0,0.0,0.0,1.0,0.997568880653998,0.0,0.0004081045645981,0.0,0.0020230147814039
604,Peru,2221485.59,77263.89999999983,0.03478028412509296,0.03150309038023799,0.030766397266236666,0.03211539060778454,0.03135164478940591,2.3384788765468456,2.3781302482228095,0.0018067999806962744,0.0016365531370061725,0.009178227440133774,2,False,not_needed,True,Optimization terminated successfully. (HiGHS Status 7: Optimal),0.1,0.5,0.9,0.0,0.0,0.0,0.0,1.0,0.9908217725598663,0.0,0.0091782274401338,0.0,0.0
705,Slovenia,607760.0,14157.499999999965,0.023294557061998077,0.021873130973287646,0.021407652919613895,0.022378661147274846,0.021889092378843615,2.1280814998191677,2.1876588827605015,0.00030128313833689794,0.0002828989419007591,0.004064104251678279,3,False,not_needed,True,Optimization terminated successfully. (HiGHS Status 7: Optimal),0.1,0.5,0.9,0.0,0.0,0.0,0.0,1.0,0.9959358957483216,0.0,0.0028136106357772,0.0,0.001250493615901
643,Russian Federation,33804668.45,870780.899999998,0.025759190665866752,0.02187794585282745,0.021438814587375687,0.022601257108081835,0.022144022877766373,2.007186910534431,2.0230477806119973,0.017478200244233875,0.014844686834625809,0.007260489785989929,4,False,not_needed,True,Optimization terminated successfully. (HiGHS Status 7: Optimal),0.1,0.5,0.9,0.0,0.0,0.0,8.41599734725397e-07,1.0,0.99273951021401,0.0,0.0070883700680105,0.0,0.0001712781182446
348,Hungary,2032110.0,36903.89999999997,0.0181603850185271,0.014833958326638665,0.014645265514485268,0.015186054236437797,0.014995771883655092,1.2720327777552498,1.253007198710887,0.00046942970427001925,0.00038344455050504025,0.00223413102637155,3,False,not_needed,True,Optimization terminated successfully. (HiGHS Status 7: Optimal),0.1,0.5,0.9,0.0,0.0,0.0,0.0,1.0,0.9977658689736284,0.0,0.0014418510808962,0.0,0.0007922799454753
410,Republic of Korea,1938947.1,16710.1,0.008618130943335163,0.007613248629749409,0.007521814871771028,0.007802318791764865,0.007709921415337877,1.2009821618211292,1.1842297000798196,0.0002006853202224725,0.00017728521987428486,0.0046592813181959205,2,False,not_needed,True,Optimization terminated successfully. (HiGHS Status 7: Optimal),0.1,0.5,0.9,0.0,0.0,0.0,0.0,1.0,0.995340718681804,0.0,0.0046592813181958,0.0,0.0
320,Guatemala,562260.54,53343.59999999995,0.0948734549289195,0.0928636109519583,0.09175196400922504,0.0958837848621415,0.09471442244812096,1.1970748620881766,1.2195622186815025,0.0006385628261328679,0.0006250352103105521,0.00464293652903333,2,False,not_needed,True,Optimization terminated successfully. (HiGHS Status 7: Optimal),0.1,0.5,0.9,0.0,0.0,0.0,0.0,1.0,0.9953570634709666,0.0,0.0046429365290333,0.0,0.0
152,Chile,2232436.66,41881.09999999996,0.01876026350507966,0.01737177762258253,0.01720864157336147,0.017869957681926656,0.017703610427241712,0.9390866770536466,0.9308766010855396,0.0003932998303035144,0.0003641908968486566,0.0036335454193804732,2,False,not_needed,True,Optimization terminated successfully. (HiGHS Status 7: Optimal),0.1,0.5,0.9,0.0,0.0,0.0,0.0,1.0,0.9963664545806195,0.0,0.0036335454193804,0.0,0.0
112,Belarus,8347289.69,159042.9999999994,0.019053250325136297,0.02031790084233091,0.020214985774932293,0.020856288979672687,0.020753984172473407,0.5065241148544231,0.4905225819367476,0.000805591147987917,0.0008590618810421267,0.0019514945095909393,2,False,not_needed,True,Optimization terminated successfully. (HiGHS Status 7: Optimal),0.1,0.5,0.9,0.0,0.0,0.0,0.0,1.0,0.998048505490409,0.0,0.0019514945095909,0.0,0.0
440,Lithuania,1472970.0,29324.999999999975,0.019908755779140086,0.020669376638943412,0.020572796207355686,0.021321236226877986,0.021220056137542943,0.4672633978025198,0.47455076365362503,0.00013702499140558883,0.00014226007831577315,0.0017990861999903815,2,False,not_needed,True,Optimization terminated successfully. (HiGHS Status 7: Optimal),0.1,0.5,0.9,0.0,0.0,0.0,0.0,1.0,0.9982009138000096,0.0,0.0017990861999904,0.0,0.0
428,Latvia,963680.0,16480.499999999916,0.017101631246886847,0.018151523961317625,0.018078100618134512,0.01867898887539813,0.018603262902409285,0.4045023621134236,0.4054072385501706,6.666401178810245e-05,7.075660735870273e-05,0.0015565332890585908,2,False,not_needed,True,Optimization terminated successfully. (HiGHS Status 7: Optimal),0.1,0.5,0.9,0.0,0.0,0.0,0.0,1.0,0.9984434667109414,0.0,0.0015565332890586,0.0,0.0
76,Brazil,36338658.36,1209778.0999999996,0.03329176570073007,0.03181557155636893,0.03174035617433562,0.03240355450701037,0.03232568165694524,0.23641059504478923,0.24032193766977406,0.0028600436049315446,0.0027332260711253795,0.0009081237857786792,2,False,not_needed,True,Optimization terminated successfully. (HiGHS Status 7: Optimal),0.1,0.5,0.9,0.0,0.0,0.0,0.0,1.0,0.9990918762142212,0.0,0.0009081237857786,0.0,0.0
616,Poland,15491880.0,249293.99999999875,0.016091913957505397,0.015318146624987254,0.015289448374251122,0.015885990038466954,0.015855411295952505,0.18734806134652615,0.19248874285080486,0.0004670474760532065,0.00044458985661407054,0.0006222614685887022,3,False,not_needed,True,Optimization terminated successfully. (HiGHS Status 7: Optimal),0.1,0.5,0.9,0.0,0.0,0.0,0.0,1.0,0.9993777385314112,0.0,0.0005938594928439,0.0,2.8401975744712717e-05
233,Estonia,894700.0,11521.399999999941,0.012877389068961596,0.01349343631926817,0.01347379001859089,0.01379571211363558,0.013775582370340692,0.14559894316339417,0.14591304261120097,1.677503663762721e-05,1.757754521596228e-05,0.000558846540739955,2,False,not_needed,True,Optimization terminated successfully. (HiGHS Status 7: Optimal),0.1,0.5,0.9,0.0,0.0,0.0,0.0,1.0,0.99944115345926,0.0,0.0005588465407399,0.0,0.0
417,Kyrgyzstan,1778261.0,72860.29999999983,0.04097278183573701,0.039102622558136964,0.03906548023840835,0.03981908111308029,0.03978254808778571,0.09498677402876021,0.09174753478320419,6.920764851767662e-05,6.604873862292759e-05,0.00036440095126642074,2,False,not_needed,True,Optimization terminated successfully. (HiGHS Status 7: Optimal),0.1,0.5,0.9,0.0,0.0,0.0,0.0,1.0,0.9996355990487336,0.0,0.0003644009512664,0.0,0.0
630,Puerto Rico,223897.41999999998,4386.399999999989,0.019591114538077225,0.019454138963407922,0.019440689839793288,0.02002865820630583,0.020015027273975416,0.06913245371553689,0.06805714187145817,3.032425949778302e-06,3.011224078577761e-06,0.00026512141140347856,2,False,not_needed,True,Optimization terminated successfully. (HiGHS Status 7: Optimal),0.1,0.5,0.9,0.0,0.0,0.0,0.0,1.0,0.9997348785885964,0.0,0.0002651214114034,0.0,0.0
840,United States of America,102678763.09,1666923.4999999916,0.01623435508800291,0.016057467818924424,0.016046988269428537,0.016348899861988855,0.01633822137372628,0.06526277750678044,0.06531624973374894,0.001087880575013232,0.0010760271799781134,0.00025027658326454854,2,False,not_needed,True,Optimization terminated successfully. (HiGHS Status 7: Optimal),0.1,0.5,0.9,0.0,0.0,0.0,0.0,1.0,0.9997497234167354,0.0,0.0002502765832645,0.0,0.0
64,Bhutan,43829.0,3518.299999999998,0.0802733350065025,0.08104675498957456,0.08104675498957456,0.08457780458059949,0.08457780458059949,0.0,0.0,0.0,0.0,0.0,1,False,not_applicable_single_species,True,No decision freedom (single active species),0.1,0.5,0.9,0.0,0.0,0.0,0.0,1.0,1.0,0.0,0.0,0.0,0.0
36,Australia,8467000.0,163318.99999999997,0.0192888862643203,0.018426230304652035,0.018426230304652035,0.019058639708531642,0.019058639708531642,0.0,0.0,0.0,0.0,0.0,1,False,not_applicable_single_species,True,No decision freedom (single active species),0.1,0.5,0.9,0.0,0.0,0.0,0.0,1.0,1.0,0.0,0.0,0.0,0.0
28,Antigua and Barbuda,2877.18,174.4,0.0606149076526321,0.06261308007038653,0.06261308007038653,0.06452534141433237,0.06452534141433237,0.0,0.0,0.0,0.0,0.0,1,False,not_applicable_single_species,True,No decision freedom (single active species),0.1,0.5,0.9,0.0,0.0,0.0,0.0,1.0,1.0,0.0,0.0,0.0,0.0
24,Angola,220646.99,20980.899999999987,0.0950880861778354,0.09491334366711321,0.09491334366711321,0.09674600643630715,0.09674600643630715,0.0,0.0,0.0,0.0,0.0,1,False,not_applicable_single_species,True,No decision freedom (single active species),0.1,0.5,0.9,0.0,0.0,0.0,0.0,1.0,1.0,0.0,0.0,0.0,0.0
32,Argentina,11665405.0,112846.49999999936,0.009673603273954,0.009580346941323543,0.009580346941323543,0.009787598593144684,0.009787598593144684,0.0,0.0,0.0,0.0,0.0,1,False,not_applicable_single_species,True,No decision freedom (single active species),0.1,0.5,0.9,0.0,0.0,0.0,0.0,1.0,1.0,0.0,0.0,0.0,0.0
170,Colombia,7309000.0,257147.39999999997,0.035182295799699,0.03543917582700164,0.03543917582700164,0.036552180575113745,0.036552180575113745,0.0,0.0,0.0,0.0,0.0,1,False,not_applicable_single_species,True,No decision freedom (single active species),0.1,0.5,0.9,0.0,0.0,0.0,0.0,1.0,1.0,0.0,0.0,0.0,0.0
116,Cambodia,24329.01,11352.999999999998,0.4666445531486895,0.4766763855124779,0.4766763855124779,0.4872844243995911,0.4872844243995911,0.0,0.0,0.0,0.0,0.0,1,False,not_applicable_single_species,True,No decision freedom (single active species),0.1,0.5,0.9,0.0,0.0,0.0,0.0,1.0,1.0,0.0,0.0,0.0,0.0
56,Belgium,4627000.0,73905.9,0.0159727469202507,0.016358953803650458,0.016358953803650458,0.016697830876391356,0.016697830876391356,0.0,0.0,0.0,0.0,0.0,1,False,not_applicable_single_species,True,No decision freedom (single active species),0.1,0.5,0.9,0.0,0.0,0.0,0.0,1.0,1.0,0.0,0.0,0.0,0.0
52,Barbados,4119.33,214.79999999999993,0.0521444021236463,0.052365766867987246,0.052365766867987246,0.05364239881334233,0.05364239881334233,0.0,0.0,0.0,0.0,0.0,1,False,not_applicable_single_species,True,No decision freedom (single active species),0.1,0.5,0.9,0.0,0.0,0.0,0.0,1.0,1.0,0.0,0.0,0.0,0.0
84,Belize,6525.0,441.9999999999996,0.0677394636015325,0.0771888147392298,0.0771888147392298,0.08147566550850183,0.08147566550850183,0.0,0.0,0.0,0.0,0.0,1,False,not_applicable_single_species,True,No decision freedom (single active species),0.1,0.5,0.9,0.0,0.0,0.0,0.0,1.0,1.0,0.0,0.0,0.0,0.0
222,El Salvador,416980.47,26022.199999999964,0.0624062800830935,0.06233117968435592,0.06233117968435592,0.06373943790980502,0.06373943790980502,0.0,0.0,0.0,0.0,0.0,1,False,not_applicable_single_species,True,No decision freedom (single active species),0.1,0.5,0.9,0.0,0.0,0.0,0.0,1.0,1.0,0.0,0.0,0.0,0.0
208,Denmark,5687000.0,75462.49999999984,0.0132692983998593,0.01346830962098134,0.01346830962098134,0.013714724098732114,0.013714724098732114,0.0,0.0,0.0,0.0,0.0,1,False,not_applicable_single_species,True,No decision freedom (single active species),0.1,0.5,0.9,0.0,0.0,0.0,0.0,1.0,1.0,0.0,0.0,0.0,0.0
212,Dominica,6990.94,547.1999999999992,0.078272735855264,0.07764963953050004,0.07764963953050004,0.07913157609746868,0.07913157609746868,0.0,0.0,0.0,0.0,0.0,1,False,not_applicable_single_species,True,No decision freedom (single active species),0.1,0.5,0.9,0.0,0.0,0.0,0.0,1.0,1.0,0.0,0.0,0.0,0.0
214,Dominican Republic,862164.34,41339.59999999998,0.0479486312319528,0.04759869629351205,0.04759869629351205,0.04868218163378009,0.04868218163378009,0.0,0.0,0.0,0.0,0.0,1,False,not_applicable_single_species,True,No decision freedom (single active species),0.1,0.5,0.9,0.0,0.0,0.0,0.0,1.0,1.0,0.0,0.0,0.0,0.0
180,Democratic Republic of the Congo,9831.99,526.5999999999997,0.0535598591943238,0.052739905655787636,0.052739905655787636,0.053852206109534284,0.053852206109534284,0.0,0.0,0.0,0.0,0.0,1,False,not_applicable_single_species,True,No decision freedom (single active species),0.1,0.5,0.9,0.0,0.0,0.0,0.0,1.0,1.0,0.0,0.0,0.0,0.0
178,Congo,4464.75,159.19999999999996,0.0356570916624671,0.03553428758344251,0.03553428758344251,0.0361861051481036,0.0361861051481036,0.0,0.0,0.0,0.0,0.0,1,False,not_applicable_single_species,True,No decision freedom (single active species),0.1,0.5,0.9,0.0,0.0,0.0,0.0,1.0,1.0,0.0,0.0,0.0,0.0
196,Cyprus,303910.0,1855.6999999999766,0.0061060840380375,0.006281749703291656,0.006281749703291656,0.006512935420272856,0.006512935420272856,0.0,0.0,0.0,0.0,0.0,1,False,not_applicable_single_species,True,No decision freedom (single active species),0.1,0.5,0.9,0.0,0.0,0.0,0.0,1.0,1.0,0.0,0.0,0.0,0.0
203,Czechia,3475280.0,39342.59999999997,0.0113206993393338,0.011744515020371047,0.011744515020371047,0.012014242946495737,0.012014242946495737,0.0,0.0,0.0,0.0,0.0,1,False,not_applicable_single_species,True,No decision freedom (single active species),0.1,0.5,0.9,0.0,0.0,0.0,0.0,1.0,1.0,0.0,0.0,0.0,0.0
174,Comoros,13091.28,459.499999999999,0.0350996999529457,0.034840087947261254,0.034840087947261254,0.03552566036361974,0.03552566036361974,0.0,0.0,0.0,0.0,0.0,1,False,not_applicable_single_species,True,No decision freedom (single active species),0.1,0.5,0.9,0.0,0.0,0.0,0.0,1.0,1.0,0.0,0.0,0.0,0.0
90,Solomon Islands,3063.26,276.69999999999976,0.0903286041668026,0.08983362768814121,0.08983362768814121,0.09165454822661954,0.09165454822661954,0.0,0.0,0.0,0.0,0.0,1,False,not_applicable_single_species,True,No decision freedom (single active species),0.1,0.5,0.9,0.0,0.0,0.0,0.0,1.0,1.0,0.0,0.0,0.0,0.0
124,Canada,9886559.0,169769.59999999934,0.0171717581415333,0.017409474949766936,0.017409474949766936,0.01774321428243431,0.01774321428243431,0.0,0.0,0.0,0.0,0.0,1,False,not_applicable_single_species,True,No decision freedom (single active species),0.1,0.5,0.9,0.0,0.0,0.0,0.0,1.0,1.0,0.0,0.0,0.0,0.0
408,Democratic People's Republic of Korea,84177.87,2776.1999999999985,0.0329801645016677,0.032764750046418725,0.032764750046418725,0.0333296770466543,0.0333296770466543,0.0,0.0,0.0,0.0,0.0,1,False,not_applicable_single_species,True,No decision freedom (single active species),0.1,0.5,0.9,0.0,0.0,0.0,0.0,1.0,1.0,0.0,0.0,0.0,0.0
430,Liberia,8344.4,317.49999999999966,0.038049470303437,0.03765118092476119,0.03765118092476119,0.03839920073080735,0.03839920073080735,0.0,0.0,0.0,0.0,0.0,1,False,not_applicable_single_species,True,No decision freedom (single active species),0.1,0.5,0.9,0.0,0.0,0.0,0.0,1.0,1.0,0.0,0.0,0.0,0.0
426,Lesotho,225000.0,5854.69999999998,0.0260208888888888,0.02613764236965453,0.02613764236965453,0.028075234239237787,0.028075234239237787,0.0,0.0,0.0,0.0,0.0,1,False,not_applicable_single_species,True,No decision freedom (single active species),0.1,0.5,0.9,0.0,0.0,0.0,0.0,1.0,1.0,0.0,0.0,0.0,0.0
442,Luxembourg,469290.0,7618.999999999985,0.0162351637580174,0.016652972463436604,0.016652972463436604,0.01705101067951226,0.01705101067951226,0.0,0.0,0.0,0.0,0.0,1,False,not_applicable_single_species,True,No decision freedom (single active species),0.1,0.5,0.9,0.0,0.0,0.0,0.0,1.0,1.0,0.0,0.0,0.0,0.0
450,Madagascar,439077.45,68082.29999999997,0.1550576099956852,0.15316942827274943,0.15316942827274943,0.15602038009310573,0.15602038009310573,0.0,0.0,0.0,0.0,0.0,1,False,not_applicable_single_species,True,No decision freedom (single active species),0.1,0.5,0.9,0.0,0.0,0.0,0.0,1.0,1.0,0.0,0.0,0.0,0.0
308,Grenada,581.13,58.69999999999999,0.101010101010101,0.0968911936888347,0.0968911936888347,0.10027842850248783,0.10027842850248783,0.0,0.0,0.0,0.0,0.0,1,False,not_applicable_single_species,True,No decision freedom (single active species),0.1,0.5,0.9,0.0,0.0,0.0,0.0,1.0,1.0,0.0,0.0,0.0,0.0
270,Gambia,51890.51,1752.999999999996,0.033782670472886,0.035210947805440485,0.035210947805440485,0.03602004651591221,0.03602004651591221,0.0,0.0,0.0,0.0,0.0,1,False,not_applicable_single_species,True,No decision freedom (single active species),0.1,0.5,0.9,0.0,0.0,0.0,0.0,1.0,1.0,0.0,0.0,0.0,0.0
276,Germany,34012620.0,512369.0999999979,0.0150640879767568,0.016036860677549,0.016036860677549,0.016391198176618216,0.016391198176618216,0.0,0.0,0.0,0.0,0.0,1,False,not_applicable_single_species,True,No decision freedom (single active species),0.1,0.5,0.9,0.0,0.0,0.0,0.0,1.0,1.0,0.0,0.0,0.0,0.0
288,Ghana,50460.99,18298.799999999996,0.3626325999549354,0.35834970291248897,0.35834970291248897,0.3655105334651556,0.3655105334651556,0.0,0.0,0.0,0.0,0.0,1,False,not_applicable_single_species,True,No decision freedom (single active species),0.1,0.5,0.9,0.0,0.0,0.0,0.0,1.0,1.0,0.0,0.0,0.0,0.0
246,Finland,2239000.0,32605.29999999989,0.0145624385886556,0.014639386588076394,0.014639386588076394,0.014923061353192036,0.014923061353192036,0.0,0.0,0.0,0.0,0.0,1,False,not_applicable_single_species,True,No decision freedom (single active species),0.1,0.5,0.9,0.0,0.0,0.0,0.0,1.0,1.0,0.0,0.0,0.0,0.0
242,Fiji,12737.0,5504.900000000001,0.4321975347413049,0.31608424916627414,0.31608424916627414,0.35247082097332944,0.35247082097332944,0.0,0.0,0.0,0.0,0.0,1,False,not_applicable_single_species,True,No decision freedom (single active species),0.1,0.5,0.9,0.0,0.0,0.0,0.0,1.0,1.0,0.0,0.0,0.0,0.0
258,French Polynesia,529.59,52.499999999999986,0.0991332917917634,0.0723032457109548,0.0723032457109548,0.08860222813675481,0.08860222813675481,0.0,0.0,0.0,0.0,0.0,1,False,not_applicable_single_species,True,No decision freedom (single active species),0.1,0.5,0.9,0.0,0.0,0.0,0.0,1.0,1.0,0.0,0.0,0.0,0.0
266,Gabon,10699.44,385.3999999999994,0.03602057677785,0.03581887892667352,0.03581887892667352,0.036458286827532174,0.036458286827532174,0.0,0.0,0.0,0.0,0.0,1,False,not_applicable_single_species,True,No decision freedom (single active species),0.1,0.5,0.9,0.0,0.0,0.0,0.0,1.0,1.0,0.0,0.0,0.0,0.0
234,Faroe Islands,7030.0,149.2999999999993,0.0212375533428164,0.02067456213933057,0.02067456213933057,0.021381647040250196,0.021381647040250196,0.0,0.0,0.0,0.0,0.0,1,False,not_applicable_single_species,True,No decision freedom (single active species),0.1,0.5,0.9,0.0,0.0,0.0,0.0,1.0,1.0,0.0,0.0,0.0,0.0
328,Guyana,28591.0,2885.999999999999,0.1009408555139729,0.136983369469849,0.136983369469849,0.14050030536581198,0.14050030536581198,0.0,0.0,0.0,0.0,0.0,1,False,not_applicable_single_species,True,No decision freedom (single active species),0.1,0.5,0.9,0.0,0.0,0.0,0.0,1.0,1.0,0.0,0.0,0.0,0.0
340,Honduras,693072.71,37361.899999999994,0.053907619591601,0.053510581496899946,0.053510581496899946,0.05456280384921047,0.05456280384921047,0.0,0.0,0.0,0.0,0.0,1,False,not_applicable_single_species,True,No decision freedom (single active species),0.1,0.5,0.9,0.0,0.0,0.0,0.0,1.0,1.0,0.0,0.0,0.0,0.0
344,"China, Hong Kong SAR",60.0,1.899999999999996,0.0316666666666666,0.03146621970912929,0.03146621970912929,0.03206713161690774,0.03206713161690774,0.0,0.0,0.0,0.0,0.0,1,False,not_applicable_single_species,True,No decision freedom (single active species),0.1,0.5,0.9,0.0,0.0,0.0,0.0,1.0,1.0,0.0,0.0,0.0,0.0
352,Iceland,155975.0,3968.599999999997,0.0254438211251803,0.02305915062813088,0.02305915062813088,0.023736592306284863,0.023736592306284863,0.0,0.0,0.0,0.0,0.0,1,False,not_applicable_single_species,True,No decision freedom (single active species),0.1,0.5,0.9,0.0,0.0,0.0,0.0,1.0,1.0,0.0,0.0,0.0,0.0
372,Ireland,8730710.0,208498.6999999998,0.023881070382592,0.023059837107695838,0.023059837107695838,0.023604496304794692,0.023604496304794692,0.0,0.0,0.0,0.0,0.0,1,False,not_applicable_single_species,True,No decision freedom (single active species),0.1,0.5,0.9,0.0,0.0,0.0,0.0,1.0,1.0,0.0,0.0,0.0,0.0
384,Côte d'Ivoire,37805.47,15349.699999999997,0.4060179651251524,0.42257195034551776,0.42257195034551776,0.4319753790991384,0.4319753790991384,0.0,0.0,0.0,0.0,0.0,1,False,not_applicable_single_species,True,No decision freedom (single active species),0.1,0.5,0.9,0.0,0.0,0.0,0.0,1.0,1.0,0.0,0.0,0.0,0.0
392,Japan,7298933.0,65205.89999999977,0.008933620845677,0.008751181718441532,0.008751181718441532,0.008936466357598066,0.008936466357598066,0.0,0.0,0.0,0.0,0.0,1,False,not_applicable_single_species,True,No decision freedom (single active species),0.1,0.5,0.9,0.0,0.0,0.0,0.0,1.0,1.0,0.0,0.0,0.0,0.0
516,Namibia,113641.86,13667.799999999992,0.1202708227408456,0.10373651144387094,0.10373651144387094,0.10667432906772611,0.10667432906772611,0.0,0.0,0.0,0.0,0.0,1,False,not_applicable_single_species,True,No decision freedom (single active species),0.1,0.5,0.9,0.0,0.0,0.0,0.0,1.0,1.0,0.0,0.0,0.0,0.0
480,Mauritius,2788.0,142.79999999999987,0.0512195121951219,0.05502424926089513,0.05502424926089513,0.05793654438566264,0.05793654438566264,0.0,0.0,0.0,0.0,0.0,1,False,not_applicable_single_species,True,No decision freedom (single active species),0.1,0.5,0.9,0.0,0.0,0.0,0.0,1.0,1.0,0.0,0.0,0.0,0.0
418,Lao People's Democratic Republic,9070.36,4639.700000000001,0.511523247147853,0.5039356229602882,0.5039356229602882,0.5137843065268032,0.5137843065268032,0.0,0.0,0.0,0.0,0.0,1,False,not_applicable_single_species,True,No decision freedom (single active species),0.1,0.5,0.9,0.0,0.0,0.0,0.0,1.0,1.0,0.0,0.0,0.0,0.0
678,Sao Tome and Principe,583.07,20.0,0.034301198826899,0.03470883481784547,0.03470883481784547,0.0353953547850373,0.0353953547850373,0.0,0.0,0.0,0.0,0.0,1,False,not_applicable_single_species,True,No decision freedom (single active species),0.1,0.5,0.9,0.0,0.0,0.0,0.0,1.0,1.0,0.0,0.0,0.0,0.0
626,Timor-Leste,5460.23,880.9999999999995,0.1613485146230103,0.18760514174060552,0.18760514174060552,0.3734039575516171,0.3734039575516171,0.0,0.0,0.0,0.0,0.0,1,False,not_applicable_single_species,True,No decision freedom (single active species),0.1,0.5,0.9,0.0,0.0,0.0,0.0,0.0,0.0,1.0,1.0,0.0,0.0
662,Saint Lucia,1031.51,54.599999999999945,0.0529321092379133,0.05263697542717498,0.05263697542717498,0.05360791542656822,0.05360791542656822,0.0,0.0,0.0,0.0,0.0,1,False,not_applicable_single_species,True,No decision freedom (single active species),0.1,0.5,0.9,0.0,0.0,0.0,0.0,1.0,1.0,0.0,0.0,0.0,0.0
600,Paraguay,559000.0,15329.79999999999,0.0274236135957066,0.028019638277339325,0.028019638277339325,0.028919454810609032,0.028919454810609032,0.0,0.0,0.0,0.0,0.0,1,False,not_applicable_single_species,True,No decision freedom (single active species),0.1,0.5,0.9,0.0,0.0,0.0,0.0,1.0,1.0,0.0,0.0,0.0,0.0
670,Saint Vincent and the Grenadines,862.18,38.399999999999956,0.0445382634716648,0.04411670015673304,0.04411670015673304,0.04534398703026775,0.04534398703026775,0.0,0.0,0.0,0.0,0.0,1,False,not_applicable_single_species,True,No decision freedom (single active species),0.1,0.5,0.9,0.0,0.0,0.0,0.0,1.0,1.0,0.0,0.0,0.0,0.0
570,Niue,58.88,9.099999999999994,0.1545516304347825,0.15368938106594363,0.15368938106594363,0.15644512557106627,0.15644512557106627,0.0,0.0,0.0,0.0,0.0,1,False,not_applicable_single_species,True,No decision freedom (single active species),0.1,0.5,0.9,0.0,0.0,0.0,0.0,1.0,1.0,0.0,0.0,0.0,0.0
566,Nigeria,526502.2,104780.09999999999,0.199011704034665,0.1977940836798171,0.1977940836798171,0.20155421566006002,0.20155421566006002,0.0,0.0,0.0,0.0,0.0,1,False,not_applicable_single_species,True,No decision freedom (single active species),0.1,0.5,0.9,0.0,0.0,0.0,0.0,1.0,1.0,0.0,0.0,0.0,0.0
554,New Zealand,21245000.0,524282.19999999803,0.0246779100964932,0.02471727822679788,0.02471727822679788,0.02519230708369038,0.02519230708369038,0.0,0.0,0.0,0.0,0.0,1,False,not_applicable_single_species,True,No decision freedom (single active species),0.1,0.5,0.9,0.0,0.0,0.0,0.0,1.0,1.0,0.0,0.0,0.0,0.0
558,Nicaragua,1372910.59,74352.1999999999,0.0541566221002053,0.05230627492404181,0.05230627492404181,0.05411382868175902,0.05411382868175902,0.0,0.0,0.0,0.0,0.0,1,False,not_applicable_single_species,True,No decision freedom (single active species),0.1,0.5,0.9,0.0,0.0,0.0,0.0,1.0,1.0,0.0,0.0,0.0,0.0
548,Vanuatu,3100.0,1226.9,0.3957741935483871,0.5161500051525479,0.5161500051525479,0.5402905711583932,0.5402905711583932,0.0,0.0,0.0,0.0,0.0,1,False,not_applicable_single_species,True,No decision freedom (single active species),0.1,0.5,0.9,0.0,0.0,0.0,0.0,1.0,1.0,0.0,0.0,0.0,0.0
591,Panama,184344.0,10659.699999999984,0.0578250444820552,0.0557916599098632,0.0557916599098632,0.05773930224297594,0.05773930224297594,0.0,0.0,0.0,0.0,0.0,1,False,not_applicable_single_species,True,No decision freedom (single active species),0.1,0.5,0.9,0.0,0.0,0.0,0.0,1.0,1.0,0.0,0.0,0.0,0.0
608,Philippines,29980.0,1242.3999999999985,0.0414409606404269,0.04177132440603207,0.04177132440603207,0.04271448764823063,0.04271448764823063,0.0,0.0,0.0,0.0,0.0,1,False,not_applicable_single_species,True,No decision freedom (single active species),0.1,0.5,0.9,0.0,0.0,0.0,0.0,1.0,1.0,0.0,0.0,0.0,0.0
540,New Caledonia,100.0,38.0,0.38,0.07824362849769632,0.07824362849769632,0.08273285488307633,0.08273285488307633,0.0,0.0,0.0,0.0,0.0,1,False,not_applicable_single_species,True,No decision freedom (single active species),0.1,0.5,0.9,0.0,0.0,0.0,0.0,1.0,1.0,0.0,0.0,0.0,0.0
690,Seychelles,155.39,11.399999999999988,0.073363794323959,0.07543428080763485,0.07543428080763485,0.07776227350628656,0.07776227350628656,0.0,0.0,0.0,0.0,0.0,1,False,not_applicable_single_species,True,No decision freedom (single active species),0.1,0.5,0.9,0.0,0.0,0.0,0.0,1.0,1.0,0.0,0.0,0.0,0.0
694,Sierra Leone,150614.57,5529.099999999988,0.0367102598374114,0.036474716743674036,0.036474716743674036,0.0371054137065145,0.0371054137065145,0.0,0.0,0.0,0.0,0.0,1,False,not_applicable_single_species,True,No decision freedom (single active species),0.1,0.5,0.9,0.0,0.0,0.0,0.0,1.0,1.0,0.0,0.0,0.0,0.0
768,Togo,12837.93,3119.7,0.2430064659956862,0.2578725483603051,0.2578725483603051,0.26395123872008625,0.26395123872008625,0.0,0.0,0.0,0.0,0.0,1,False,not_applicable_single_species,True,No decision freedom (single active species),0.1,0.5,0.9,0.0,0.0,0.0,0.0,1.0,1.0,0.0,0.0,0.0,0.0
764,Thailand,1278333.33,26614.49999999991,0.020819687146857,0.020671206960131763,0.020671206960131763,0.021428223483727596,0.021428223483727596,0.0,0.0,0.0,0.0,0.0,1,False,not_applicable_single_species,True,No decision freedom (single active species),0.1,0.5,0.9,0.0,0.0,0.0,0.0,1.0,1.0,0.0,0.0,0.0,0.0
752,Sweden,2818530.0,39881.9999999998,0.0141499292184223,0.014709611991966475,0.014709611991966475,0.01506261627108626,0.01506261627108626,0.0,0.0,0.0,0.0,0.0,1,False,not_applicable_single_species,True,No decision freedom (single active species),0.1,0.5,0.9,0.0,0.0,0.0,0.0,1.0,1.0,0.0,0.0,0.0,0.0
716,Zimbabwe,443101.56,48330.99999999997,0.1090743169579452,0.10796414169312187,0.10796414169312187,0.11005456271111073,0.11005456271111073,0.0,0.0,0.0,0.0,0.0,1,False,not_applicable_single_species,True,No decision freedom (single active species),0.1,0.5,0.9,0.0,0.0,0.0,0.0,1.0,1.0,0.0,0.0,0.0,0.0
740,Suriname,2786.89,73.99999999999976,0.026552895880354,0.026144874776547353,0.026144874776547353,0.0272887334915877,0.0272887334915877,0.0,0.0,0.0,0.0,0.0,1,False,not_applicable_single_species,True,No decision freedom (single active species),0.1,0.5,0.9,0.0,0.0,0.0,0.0,1.0,1.0,0.0,0.0,0.0,0.0
748,Eswatini,40575.2,5581.999999999999,0.1375717186853053,0.15113521300058738,0.15113521300058738,0.1561162593165669,0.1561162593165669,0.0,0.0,0.0,0.0,0.0,1,False,not_applicable_single_species,True,No decision freedom (single active species),0.1,0.5,0.9,0.0,0.0,0.0,0.0,1.0,1.0,0.0,0.0,0.0,0.0
780,Trinidad and Tobago,1441.0,531.3,0.3687022900763358,0.3648403087337889,0.3648403087337889,0.3787158168166647,0.3787158168166647,0.0,0.0,0.0,0.0,0.0,1,False,not_applicable_single_species,True,No decision freedom (single active species),0.1,0.5,0.9,0.0,0.0,0.0,0.0,1.0,1.0,0.0,0.0,0.0,0.0
776,Tonga,325.13,24.899999999999974,0.0765847507150985,0.07606112941452008,0.07606112941452008,0.07738900688912341,0.07738900688912341,0.0,0.0,0.0,0.0,0.0,1,False,not_applicable_single_species,True,No decision freedom (single active species),0.1,0.5,0.9,0.0,0.0,0.0,0.0,1.0,1.0,0.0,0.0,0.0,0.0
826,United Kingdom of Great Britain and Northern Ireland,15759500.0,256886.99999999985,0.0163004536945969,0.016227907807583188,0.016227907807583188,0.016523741629718182,0.016523741629718182,0.0,0.0,0.0,0.0,0.0,1,False,not_applicable_single_species,True,No decision freedom (single active species),0.1,0.5,0.9,0.0,0.0,0.0,0.0,1.0,1.0,0.0,0.0,0.0,0.0
800,Uganda,3850000.0,183739.09999999977,0.0477244415584415,0.062185960773895384,0.062185960773895384,0.06519960907607499,0.06519960907607499,0.0,0.0,0.0,0.0,0.0,1,False,not_applicable_single_species,True,No decision freedom (single active species),0.1,0.5,0.9,0.0,0.0,0.0,0.0,1.0,1.0,0.0,0.0,0.0,0.0
860,Uzbekistan,11943952.0,448418.29999999923,0.0375435450510852,0.03729888518065653,0.03729888518065653,0.03799747761257583,0.03799747761257583,0.0,0.0,0.0,0.0,0.0,1,False,not_applicable_single_species,True,No decision freedom (single active species),0.1,0.5,0.9,0.0,0.0,0.0,0.0,1.0,1.0,0.0,0.0,0.0,0.0
858,Uruguay,2177420.0,50588.99999999982,0.0232334597826785,0.022661773697359392,0.022661773697359392,0.02366124068518494,0.02366124068518494,0.0,0.0,0.0,0.0,0.0,1,False,not_applicable_single_species,True,No decision freedom (single active species),0.1,0.5,0.9,0.0,0.0,0.0,0.0,1.0,1.0,0.0,0.0,0.0,0.0
882,Samoa,1570.99,196.39999999999998,0.1250167092088428,0.1231212468599919,0.1231212468599919,0.12625101121013674,0.12625101121013674,0.0,0.0,0.0,0.0,0.0,1,False,not_applicable_single_species,True,No decision freedom (single active species),0.1,0.5,0.9,0.0,0.0,0.0,0.0,1.0,1.0,0.0,0.0,0.0,0.0
894,Zambia,542688.95,18058.199999999953,0.033275414949945,0.035354996139823895,0.035354996139823895,0.03620803465306677,0.03620803465306677,0.0,0.0,0.0,0.0,0.0,1,False,not_applicable_single_species,True,No decision freedom (single active species),0.1,0.5,0.9,0.0,0.0,0.0,0.0,1.0,1.0,0.0,0.0,0.0,0.0
