country_m49,country,delta_struct,delta_within,delta_total,delta_obs,reconstruction_error,weight_interval,weight_interval_norm
4,Afghanistan,-0.0009031861992486724,0.0035560844504837247,0.002652898251235052,0.0026528982512350197,3.252606517456513e-17,2205239.795,0.002357528855499833
8,Albania,8.020047708511132e-05,-0.0030350429508300934,-0.002954842473744982,-0.0029548424737450008,1.8648277366750676e-17,1005672.5,0.001075122053986268
12,Algeria,-0.0021836937567022516,0.005790644770670022,0.0036069510139677703,0.0036069510139677963,2.6020852139652106e-17,3333756.48,0.0035639784465296906
24,Angola,0.0,-0.0023461044029551015,-0.0023461044029551015,-0.0023461044029551015,0.0,216847.19,0.0002318221849697098
28,Antigua and Barbuda,0.0,-0.005628753220694296,-0.005628753220694296,-0.005628753220694296,0.0,2906.6549999999997,3.1073822679147086e-06
31,Azerbaijan,-0.0011743571209989517,-0.0027759123028266823,-0.003950269423825634,-0.003950269423825606,2.7755575615628914e-17,2238244.0,0.0023928122590629055
32,Argentina,0.0,-0.00019421474018680059,-0.00019421474018680059,-0.00019421474018680059,0.0,11555994.105,0.01235402590606863
36,Australia,0.0,0.0010604985294043988,0.0010604985294043988,0.0010604985294043988,0.0,8783000.0,0.009389534863647351
40,Austria,3.596995896054369e-05,0.0013624069085266897,0.0013983768674872333,0.0013983768674873005,6.722053469410127e-17,3784615.0,0.00404597227461946
44,Bahamas,-3.1550262008306016e-05,0.0003514161302153651,0.00031986586820705905,0.000319865868207099,3.995285005609084e-17,2058.955,2.2011419509485404e-06
48,Bahrain,-0.0007177169294037104,0.0016311215348429149,0.0009134046054392045,0.0009134046054392955,9.107298248878237e-17,10733.165,1.1474374013979224e-05
50,Bangladesh,0.0,-0.01656826586275968,-0.01656826586275968,-0.016568265862759696,1.734723475976807e-17,12374000.0,0.013228521507773235
51,Armenia,-0.0010457097163457808,0.0014757950249873744,0.0004300853086415936,0.00043008530864160205,8.456776945386935e-18,622950.0,0.0006659695711384626
52,Barbados,0.0,-0.0019028578059664958,-0.0019028578059664958,-0.0019028578059664958,0.0,4048.665,4.3282569929100306e-06
56,Belgium,0.0,-0.0006832324380619988,-0.0006832324380619988,-0.0006832324380619988,0.0,4542000.0,0.004855660634257801
64,Bhutan,0.0,-0.0034709666926272115,-0.0034709666926272115,-0.0034709666926272115,0.0,50870.5,5.438350600946972e-05
68,Bolivia (Plurinational State of),-0.0026359797153004136,-0.0004109781626434998,-0.003046957877943913,-0.003046957877943804,1.0928757898653885e-16,628538.52,0.0006719440221661513
70,Bosnia and Herzegovina,-0.029229274457953924,0.01975438272201996,-0.009474891735933966,-0.009474891735933896,6.938893903907228e-17,614195.5,0.0006566105044227845
72,Botswana,-0.08520961987155386,0.08011573957282352,-0.005093880298730341,-0.005093880298730313,2.7755575615628914e-17,34606.01,3.699582573001581e-05
76,Brazil,0.00011256157741169991,-0.000528524348466236,-0.00041596277105453606,-0.000415962771054601,6.494371013188172e-17,36372912.685,0.038884746868747405
84,Belize,0.0,-0.031199059175999494,-0.031199059175999494,-0.031199059175999494,0.0,5523.5,5.904940888005937e-06
90,Solomon Islands,0.0,-0.0003116271425736006,-0.0003116271425736006,-0.0003116271425736006,0.0,3044.755,3.255019153337651e-06
96,Brunei Darussalam,-0.009308361737147254,-0.2064155849361271,-0.21572394667327435,-0.21572394667327421,1.3877787807814457e-16,202.46,2.1644144694227971e-07
100,Bulgaria,-0.00139077908975286,0.0024784604043080046,0.0010876813145551446,0.0010876813145552014,5.681219383824043e-17,910615.0,0.000973500089930574
104,Myanmar,-0.0007288938800573696,-0.003941859326488295,-0.004670753206545665,-0.004670753206545905,2.402592014227878e-16,2169579.41,0.0023194058419271834
108,Burundi,0.04590670816938906,0.012984573273081581,0.05889128144247065,0.0588912814424708,1.5265566588595902e-16,102639.595,0.00010972766203383176
112,Belarus,-2.808868037778973e-07,-0.0019859521306223185,-0.0019862330174260966,-0.001986233017426099,2.6020852139652106e-18,8056294.845000001,0.008612645032329492
116,Cambodia,0.0,-0.02710698389039956,-0.02710698389039956,-0.02710698389039956,0.0,24302.29,2.5980553253042055e-05
120,Cameroon,-0.008102223217602199,-0.008351413550376042,-0.01645363676797824,-0.016453636767978175,6.591949208711867e-17,274207.81,0.00029314400454052015
124,Canada,0.0,-0.0007320757803542972,-0.0007320757803542972,-0.0007320757803542972,0.0,9763565.5,0.010437816082859442
132,Cabo Verde,0.0008421404715461627,-4.316138033845382e-06,0.0008378243335123173,0.000837824333512302,1.5287250632045613e-17,10191.849999999999,1.0895676978260757e-05
144,Sri Lanka,0.004358070052026979,-0.005220613134673621,-0.0008625430826466416,-0.0008625430826467023,6.071532165918825e-17,528572.92,0.0005650750154070229
148,Chad,0.013409466043094818,0.18698705406699612,0.20039652011009093,0.20039652011009013,8.049116928532385e-16,446418.575,0.0004772472701516873
152,Chile,4.35382884454848e-05,0.0009105694375036618,0.0009541077259491467,0.0009541077259490986,4.8030156241107846e-17,2292101.0,0.002450388506262206
156,"China, mainland",-0.009560777493949471,0.0013705658052770159,-0.008190211688672455,-0.0081902116886724,5.551115123125783e-17,42832821.7,0.045790763140218696
158,"China, Taiwan Province of",-0.00023270585050467744,-0.00040406532425242325,-0.0006367711747571007,-0.0006367711747570989,1.734723475976807e-18,467000.26,0.0004992502815213911
170,Colombia,0.0,-0.000916051855165502,-0.000916051855165502,-0.000916051855165502,0.0,7190202.0,0.007686741700519971
174,Comoros,0.0,-2.6952164461899186e-05,-2.6952164461899186e-05,-2.6952164461899186e-05,0.0,13070.6,1.3973227187611188e-05
178,Congo,0.0,-0.00033859065095110524,-0.00033859065095110524,-0.00033859065095110524,0.0,4460.42,4.768446897018094e-06
180,Democratic Republic of the Congo,0.0,0.000899482782540699,0.000899482782540699,0.000899482782540699,0.0,9101.305,9.729821314150968e-06
188,Costa Rica,1.900478826055098e-05,-0.007828732062149957,-0.007809727273889406,-0.007809727273889504,9.80118763926896e-17,1303829.06,0.001393868657076916
191,Croatia,-0.0008857973749593435,-0.0028719826542408945,-0.003757780029200238,-0.003757780029200297,5.898059818321144e-17,545500.0,0.0005831710427097381
192,Cuba,0.0036511773930540162,0.05072558829114583,0.05437676568419985,0.054376765684199906,5.551115123125783e-17,346300.5,0.0003702152588009233
196,Cyprus,-0.0030107302929470612,-0.005063093556177144,-0.008073823849124206,-0.0080738238491242,5.204170427930421e-18,325655.0,0.00034814402550621405
203,Czechia,0.0,-0.0006971540328847992,-0.0006971540328847992,-0.0006971540328847992,0.0,3371505.0,0.0036043337971605784
204,Benin,-0.009864729623940827,-0.01242509641394997,-0.022289826037890797,-0.022289826037890703,9.367506770274758e-17,151886.125,0.0001623750502097005
208,Denmark,0.0,-0.0004917323096358985,-0.0004917323096358985,-0.0004917323096358985,0.0,5676500.0,0.006068506734998769
212,Dominica,0.0,0.00017528606383929168,0.00017528606383929168,0.00017528606383929168,0.0,6983.42,7.4656797856646e-06
214,Dominican Republic,0.0,0.002094939526893505,0.002094939526893505,0.002094939526893505,0.0,876847.8049999999,0.0009374010059387628
218,Ecuador,0.00020947684215454404,-0.0010053048881941131,-0.0007958280460395691,-0.000795828046039497,7.209944447028604e-17,2212651.53,0.0023654524287871626
222,El Salvador,0.0,-0.001163034478566402,-0.001163034478566402,-0.001163034478566402,0.0,413685.935,0.000442254185276449
231,Ethiopia,-0.01154497873088128,0.03509665760331819,0.02355167887243691,0.023551678872437115,2.0469737016526324e-16,3791866.99,0.004053725071264777
232,Eritrea,0.0019331097778864338,-0.00024226103634368763,0.001690848741542746,0.0016908487415426832,6.288372600415926e-17,147642.22499999998,0.00015783807571262282
233,Estonia,-5.900532519700947e-06,-0.0008463923773172537,-0.0008522929098369546,-0.0008522929098368996,5.5077470362263625e-17,871850.0,0.0009320580634032725
234,Faroe Islands,0.0,0.0002740806059185995,0.0002740806059185995,0.0002740806059185995,0.0,7293.0,7.796638706658332e-06
242,Fiji,0.0,0.1163418097352531,0.1163418097352531,0.1163418097352531,0.0,12565.0,1.3432711552058403e-05
246,Finland,0.0,-9.586468744429873e-05,-9.586468744429873e-05,-9.586468744429873e-05,0.0,2322760.0,0.002483164750072358
250,France,4.758711174303273e-05,-0.0005409387721604812,-0.0004933516604174484,-0.0004933516604173974,5.106592232406726e-17,25669510.0,0.027442190490463887
258,French Polynesia,0.0,0.029258291791763508,0.029258291791763508,0.029258291791763508,0.0,664.7950000000001,7.107042957620905e-07
262,Djibouti,-0.0003756564906095583,-0.0013634585884347498,-0.001739115079044308,-0.00173911507904434,3.187554387107383e-17,15209.085,1.6259391307261294e-05
266,Gabon,0.0,-0.000158783993318104,-0.000158783993318104,-0.000158783993318104,0.0,10616.535,1.1349689800026451e-05
268,Georgia,-0.000645164168533332,-0.0011460672635002023,-0.0017912314320335343,-0.0017912314320333994,1.3487475025719675e-16,593955.5,0.0006349727740754974
270,Gambia,0.0,-0.0020355732236001997,-0.0020355732236001997,-0.0020355732236001997,0.0,50788.740000000005,5.429609984182179e-05
276,Germany,-0.00019368197478338025,-0.001457561594648834,-0.0016512435694322144,-0.0016512435694323,8.565197162635485e-17,33600755.0,0.03592115000767084
288,Ghana,0.0,0.005073076954785816,0.005073076954785816,0.005073076954785816,0.0,49131.97,5.252491691161058e-05
300,Greece,9.618791550236639e-05,-3.3365421066600196e-05,6.282249443576619e-05,6.28224944358019e-05,3.57109090562413e-17,1976420.0,0.002112907263487407
308,Grenada,0.0,0.006911740354363288,0.006911740354363288,0.006911740354363288,0.0,595.565,6.366934226423927e-07
320,Guatemala,2.9557044278295718e-06,0.003034916710447256,0.0030378724148750857,0.0030378724148752007,1.1492543028346347e-16,561787.28,0.0006005830868169892
324,Guinea,-0.0006380883952887521,0.000261255188066183,-0.0003768332072225691,-0.0003768332072225933,2.417770844642675e-17,277075.385,0.00029620960802869317
328,Guyana,0.0,-0.0364877159145985,-0.0364877159145985,-0.0364877159145985,0.0,24795.5,2.650782326216189e-05
332,Haiti,-0.001606003337301582,0.003965147449658439,0.0023591441123568574,0.002359144112356798,5.941427905220564e-17,98849.9,0.000105676258945469
340,Honduras,0.0,0.00027839891825560265,0.00027839891825560265,0.00027839891825560265,0.0,689411.0,0.0007370202231449372
344,"China, Hong Kong SAR",0.0,0.0,0.0,0.0,0.0,60.0,6.414346940895378e-08
348,Hungary,-2.804472162463287e-05,0.0007541058174182244,0.0007260610957935916,0.0007260610957935017,8.988036009904832e-17,2025555.0,0.002165435419644223
352,Iceland,0.0,0.002579420340589198,0.002579420340589198,0.002579420340589198,0.0,155735.0,0.00016648972014005693
356,India,-0.00039348079685551146,-0.0037721462372006537,-0.004165627034056165,-0.0041656270340562004,3.5561831257524545e-17,224636921.46499997,0.2401498583351963
360,Indonesia,0.009133873455994444,0.007195839168690941,0.016329712624685386,0.01632971262468541,2.42861286636753e-17,1465820.175,0.0015670465259023296
364,Iran (Islamic Republic of),0.00010623181809785046,0.0030283970265057953,0.0031346288446036457,0.0031346288446036027,4.2934406030425976e-17,8410611.485,0.008991430008311546
368,Iraq,6.166641846159972e-05,-0.0010269774664677538,-0.0009653110480061541,-0.0009653110480065119,3.5778671692021646e-16,352103.5,0.0003764190013505926
372,Ireland,0.0,0.000411397534354499,0.000411397534354499,0.000411397534354499,0.0,8646090.0,0.009243170157034353
376,Israel,7.369092988293124e-05,-0.0003941405203936458,-0.00032044959051071454,-0.0003204495905108004,8.586881206085195e-17,1670550.5,0.0017859150815477073
380,Italy,-0.0002133046986379555,-0.0013789170345806583,-0.0015922217332186139,-0.0015922217332186989,8.500145032286355e-17,13675860.0,0.014620285125852244
384,Côte d'Ivoire,0.0,-0.02618327111183877,-0.02618327111183877,-0.02618327111183877,0.0,36236.79,3.8739223847394704e-05
388,Jamaica,-0.00015325773213768697,-0.0003734965032246069,-0.0005267542353622938,-0.0005267542353622028,9.107298248878237e-17,205509.06,0.00021970106838954743
392,Japan,0.0,0.00014318206047340097,0.00014318206047340097,0.00014318206047340097,0.0,7368575.5,0.007877433286196937
398,Kazakhstan,2.4204298687203403e-05,-0.00020078092107329634,-0.00017657662238609292,-0.00017657662238590444,1.8848854768660495e-16,3300608.35,0.0035285411788193734
400,Jordan,0.0007283603793923042,-0.02000396330107093,-0.01927560292167863,-0.019275602921678604,2.42861286636753e-17,526437.98,0.000562792641097357
404,Kenya,-0.00925753170245151,-0.0077846260826542855,-0.017042157785105795,-0.017042157785105802,6.938893903907228e-18,5838077.215,0.006241242120791042
408,Democratic People's Republic of Korea,0.0,3.520886382769872e-05,3.520886382769872e-05,3.520886382769872e-05,0.0,84544.6,9.03830660632039e-05
410,Republic of Korea,6.241156342018858e-05,0.00022441318840068396,0.00028682475182087257,0.0002868247518207998,7.274996577377735e-17,2018384.705,0.002157769959677795
414,Kuwait,-0.0007062370742845495,0.000889663553270758,0.00018342647898620854,0.00018342647898569875,5.097918615026842e-16,58335.88,6.236442890373997e-05
417,Kyrgyzstan,-6.83058788953448e-05,-0.0007766985626139228,-0.0008450044415092676,-0.0008450044415094018,1.3422422895370545e-16,1723431.0,0.001842447393782377
418,Lao People's Democratic Republic,0.0,0.009540966843608278,0.009540966843608278,0.009540966843608278,0.0,8714.71,9.316528904881726e-06
422,Lebanon,-0.0035523134670749847,0.01278597805696848,0.009233664589893496,0.009233664589893501,5.204170427930421e-18,262058.5,0.00028015568963510524
426,Lesotho,0.0,-0.017562569757727704,-0.017562569757727704,-0.017562569757727704,0.0,179000.0,0.00019136135040337878
428,Latvia,-5.484536691598605e-06,-0.001913589195716569,-0.0019190737324081676,-0.0019190737324080998,6.787105599759258e-17,976890.0,0.0010443518971818809
430,Liberia,0.0,-0.00040405466393959866,-0.00040405466393959866,-0.00040405466393959866,0.0,8275.855,8.847367533757286e-06
434,Libya,0.006273485592161605,0.002739024168443218,0.009012509760604824,0.009012509760604859,3.469446951953614e-17,227733.325,0.00024346009275894715
440,Lithuania,-2.0188071857312945e-06,-0.0016862274315467187,-0.00168824623873245,-0.0016882462387323993,5.074066167232161e-17,1482320.0,0.0015846857929046726
442,Luxembourg,-8.262667092239279e-05,-0.0005811502584958587,-0.0006637769294182515,-0.0006637769294183006,4.911435841359335e-17,458375.0,0.0004900293798388198
450,Madagascar,0.0,-0.0010710415394668826,-0.0010710415394668826,-0.0010710415394668826,0.0,447543.0,0.00047844934549485667
454,Malawi,0.0030812471798634536,0.009197437592029949,0.012278684771893401,0.012278684771893422,2.0816681711721685e-17,213067.175,0.00022778113036107833
458,Malaysia,0.007309362999609554,0.012599450350268437,0.019908813349877992,0.019908813349877985,6.938893903907228e-18,46903.53,5.014258569544909e-05
466,Mali,0.004599597905481353,-0.0011916913104746563,0.0034079065950066963,0.003407906595006671,2.5153490401663703e-17,1055073.5,0.00112793457952413
470,Malta,0.0002878725275740979,0.0022982600319950515,0.0025861325595691494,0.002586132559569101,4.85722573273506e-17,42665.0,4.5611352038883546e-05
478,Mauritania,-0.0005326895967437221,0.0018250514925277372,0.0012923618957840152,0.0012923618957841887,1.734723475976807e-16,359262.815,0.0003840727230621187
480,Mauritius,0.0,-0.0064604878048779985,-0.0064604878048779985,-0.0064604878048779985,0.0,2644.0,2.8265888852878963e-06
484,Mexico,-8.105779883917585e-05,-0.0003884059846174937,-0.00046946378345666954,-0.0004694637834566015,6.80336863234654e-17,13509404.815,0.014442334908068755
496,Mongolia,-15.190967482900383,14.580685936362974,-0.6102815465374096,-0.6102815465373945,1.509903313490213e-14,219506.625,0.00023466527476250315
498,Republic of Moldova,0.0016167434789198377,0.0019157265265863281,0.003532470005506166,0.0035324700055062025,3.642919299551295e-17,291516.0,0.0003116474604703428
499,Montenegro,-0.0017339575957977583,0.004522459659225424,0.0027885020634276655,0.002788502063427699,3.3393426912553537e-17,173560.2,0.00018554588965519835
504,Morocco,0.015265697619748875,0.0037096709291924474,0.018975368548941322,0.018975368548941107,2.1510571102112408e-16,2382086.5149999997,0.0025465882250730633
508,Mozambique,0.02334183639992861,0.09063055086182518,0.1139723872617538,0.11397238726175363,1.6653345369377348e-16,21981.025,2.3498986744415805e-05
512,Oman,-0.0011034076631065786,0.00016181735690326408,-0.0009415903062033145,-0.0009415903062032979,1.6588293239028218e-17,362648.62,0.00038769234438615504
516,Namibia,0.0,0.0168440931781888,0.0168440931781888,0.0168440931781888,0.0,107097.58499999999,0.00011449351112033878
524,Nepal,-0.007924221580662388,-0.06279535987406804,-0.07071958145473042,-0.07071958145473049,6.938893903907228e-17,2610906.215,0.0027912097155249962
528,Netherlands (Kingdom of the),-1.222747178557395e-05,-0.0003227033742040987,-0.0003349308459896726,-0.0003349308459896991,2.6454533008646308e-17,15023025.0,0.016060482408624132
540,New Caledonia,0.0,0.3035528942115769,0.3035528942115769,0.3035528942115769,0.0,300.5,3.212518759565102e-07
548,Vanuatu,0.0,-0.12197798747081606,-0.12197798747081606,-0.12197798747081606,0.0,2709.435,2.896542683967478e-06
554,New Zealand,0.0,-0.00038945099604329944,-0.00038945099604329944,-0.00038945099604329944,0.0,21558152.5,0.023046911589955175
558,Nicaragua,0.0,-0.0002200587876590998,-0.0002200587876590998,-0.0002200587876590998,0.0,1386304.925,0.0014820401258036576
562,Niger,-0.006951420725985966,-0.001837213988167793,-0.008788634714153759,-0.008788634714153892,1.3357370765021415e-16,1576376.895,0.0016852380523569006
566,Nigeria,0.0,0.00025555531347709604,0.00025555531347709604,0.00025555531347709604,0.0,523156.77,0.0005592848378763678
570,Niue,0.0,-0.00042112160881419003,-0.00042112160881419003,-0.00042112160881419003,0.0,58.8,6.28606000207747e-08
578,Norway,6.694404129028248e-07,0.0012605195744434488,0.0012611890148563516,0.0012611890148564002,4.85722573273506e-17,1488911.5,0.001591732487548158
586,Pakistan,-0.0004128804405108183,2.7211516759214088e-05,-0.0003856689237516042,-0.00038566892375169193,8.771195575407731e-17,61641675.0,0.06589851491131951
591,Panama,0.0,0.008370248974671202,0.008370248974671202,0.008370248974671202,0.0,199058.5,0.00021280504675570377
598,Papua New Guinea,-0.0008684221872210243,5.733680560456576e-06,-0.0008626885066605677,-0.0008626885066607137,1.4604203263379745e-16,204.055,2.181465941707344e-07
600,Paraguay,0.0,-0.0015673860916878973,-0.0015673860916878973,-0.0015673860916878973,0.0,550016.7150000001,0.0005879996722169292
604,Peru,-0.0001491481849159963,-4.7166045691331485e-05,-0.00019631423060732778,-0.00019631423060730013,2.7647155398380363e-17,2190047.295,0.0023412871945165743
608,Philippines,0.0,-0.0002441834837416043,-0.0002441834837416043,-0.0002441834837416043,0.0,28745.5,3.0730601664918014e-05
616,Poland,-3.6618376632652496e-05,0.00019357369718693822,0.00015695532055428572,0.00015695532055430214,1.6425662913155392e-17,15161375.0,0.016208386558502944
620,Portugal,-0.0003466952972339682,-0.0005824281678591802,-0.0009291234650931484,-0.0009291234650932005,5.2150124496552763e-17,2078900.0,0.0022224643092379
624,Guinea-Bissau,-0.00011005549671071026,0.003135621819480675,0.0030255663227699648,0.0030255663227699015,6.331740687315346e-17,38743.79,4.141935181086549e-05
626,Timor-Leste,0.0,-0.0020177076197513966,-0.0020177076197513966,-0.0020177076197513966,0.0,5759.504999999999,6.157243879636938e-06
630,Puerto Rico,5.301876549501806e-06,-0.000149825955678671,-0.0001445240791291692,-0.00014452407912909915,7.003946034256359e-17,232978.49,0.00024906747743765403
634,Qatar,-0.005317165868669102,-0.023126246015738865,-0.028443411884407965,-0.02844341188440791,5.551115123125783e-17,46693.98,4.991856462853833e-05
642,Romania,0.0010131169760089333,-0.002395012138283839,-0.0013818951622749057,-0.0013818951622749029,2.8189256484623115e-18,4340450.0,0.00464019202993489
643,Russian Federation,0.0004960958805957455,-0.002744414964718503,-0.0022483190841227577,-0.002248319084122999,2.411265631607762e-16,33011917.12,0.03529164826529396
646,Rwanda,-0.0005902525891634364,-0.004758149889919726,-0.005348402479083162,-0.005348402479083192,2.949029909160572e-17,244571.645,0.00026146123048925
662,Saint Lucia,0.0,-0.00022623642763690277,-0.00022623642763690277,-0.00022623642763690277,0.0,1029.315,1.1003972535779543e-06
670,Saint Vincent and the Grenadines,0.0,0.0003979655504970994,0.0003979655504970994,0.0003979655504970994,0.0,914.775,9.779473704762615e-07
678,Sao Tome and Principe,0.0,-0.0014208581833280026,-0.0014208581833280026,-0.0014208581833280026,0.0,567.2750000000001,6.06449776816071e-07
686,Senegal,0.00204060383378633,-0.029354875330359003,-0.027314271496572673,-0.027314271496572784,1.1102230246251565e-16,252294.97499999998,0.00026971791684908764
688,Serbia,0.0027840874397134334,-0.0039012206648415433,-0.00111713322512811,-0.001117133225128103,6.938893903907228e-18,1500266.0,0.0016038711046048907
690,Seychelles,0.0,-0.0015474949387562081,-0.0015474949387562081,-0.0015474949387562081,0.0,153.785,1.6440505738426594e-07
694,Sierra Leone,0.0,5.6859520377199047e-05,5.6859520377199047e-05,5.6859520377199047e-05,0.0,146580.345,0.00015670286459102317
703,Slovakia,0.00017536907776050513,-0.001003579569300655,-0.0008282104915401497,-0.0008282104915402003,5.0523821237824507e-17,927445.0,0.0009914923330997857
704,Viet Nam,-0.01780978581373224,-0.008334038477590969,-0.026143824291323208,-0.026143824291323406,1.97758476261356e-16,1177116.9300000002,0.0012584060631702766
705,Slovenia,0.0007192616267615861,-0.0007257153038662894,-6.4536771047032666e-06,-6.453677104799327e-06,9.606031248221569e-17,620480.0,0.0006633289983144606
706,Somalia,0.002888991889853411,0.0008280558240398468,0.003717047713893258,0.0037170477138931957,6.245004513516506e-17,2187074.915,0.0023381095484232115
716,Zimbabwe,0.0,0.0009815963417886958,0.0009815963417886958,0.0009815963417886958,0.0,426842.125,0.00045631891312317206
724,Spain,-0.0004969100522747148,-0.0014830431615188472,-0.001979953213793562,-0.0019799532137935033,5.854691731421724e-17,8625425.0,0.009221078077112086
728,South Sudan,-0.0026938653847584934,-0.01728234366302713,-0.01997620904778562,-0.019976209047785715,9.367506770274758e-17,3324797.665,0.0035544009552648075
729,Sudan,0.00010906849824221632,0.0004986342261494292,0.0006077027243916455,0.0006077027243918121,1.6653345369377348e-16,4583376.619999999,0.004899894633578065
740,Suriname,0.0,0.0020495846220759013,0.0020495846220759013,0.0020495846220759013,0.0,2903.4449999999997,3.1039505923013296e-06
748,Eswatini,0.0,-0.0189284241679612,-0.0189284241679612,-0.0189284241679612,0.0,39083.11,4.178210451152959e-05
752,Sweden,0.0,-0.0010001389451991995,-0.0010001389451991995,-0.0010001389451991995,0.0,2795635.0,0.002988695468351675
756,Switzerland,5.147863968515423e-05,-0.00036702141551003863,-0.0003155427758248844,-0.00031554277582489937,1.496198998029996e-17,3788359.875,0.004049975762536174
762,Tajikistan,-0.00012640779908169525,-0.012046377159047734,-0.012172784958129429,-0.012172784958129498,6.938893903907228e-17,1124943.92,0.0012026300986551423
764,Thailand,0.0,0.0008316081795069971,0.0008316081795069971,0.0008316081795069971,0.0,1297666.665,0.0013872807004907761
768,Togo,0.0,-0.01978047500074287,-0.01978047500074287,-0.01978047500074287,0.0,12299.965,1.3149373811811702e-05
776,Tonga,0.0,-0.00023110804283860142,-0.00023110804283860142,-0.00023110804283860142,0.0,323.99,3.463640442301156e-07
780,Trinidad and Tobago,0.0,0.12323525710930291,0.12323525710930291,0.12323525710930291,0.0,1812.5,1.9376673050621455e-06
788,Tunisia,0.0016674155869382944,-0.0030773229932709954,-0.001409907406332701,-0.0014099074063324002,3.0075768264747893e-16,1417628.475,0.001515526811990405
792,Türkiye,-0.0007768352170469223,0.0016214232168998493,0.000844587999852927,0.0008445879998529027,2.42861286636753e-17,22492678.76,0.024045974199458076
795,Turkmenistan,-0.0023204690661711427,-0.0015878910941497988,-0.003908360160320942,-0.003908360160320902,3.9898639947466563e-17,2536545.89,0.002711714228327041
800,Uganda,0.0,-0.017773113277948192,-0.017773113277948192,-0.017773113277948192,0.0,3315500.0,0.0035444612137564375
804,Ukraine,-1.2417535651400632e-05,-0.001327754571316044,-0.0013401721069674446,-0.0013401721069674008,4.380176776841438e-17,8347000.0,0.008923425652608953
807,North Macedonia,0.006060719840715186,0.0038072138851555385,0.009867933725870724,0.009867933725870706,1.734723475976807e-17,376436.0,0.0004024318508404821
818,Egypt,-0.0010696657088098225,0.0019789010331257052,0.0009092353243158827,0.0009092353243159018,1.9081958235744878e-17,5605833.33,0.005992959978575808
826,United Kingdom of Great Britain and Northern Ireland,0.0,-2.8127378687500815e-05,-2.8127378687500815e-05,-2.8127378687500815e-05,0.0,15722685.0,0.01680845940540194
834,United Republic of Tanzania,-0.004009401865924833,-0.012613160683841503,-0.016622562549766337,-0.016622562549766295,4.163336342344337e-17,3876900.335,0.004144630633993919
840,United States of America,-4.954574204372395e-06,-0.00012423735982077094,-0.00012919193402514332,-0.00012919193402510104,4.228388472693467e-17,101998257.575,0.10904203524214334
854,Burkina Faso,-0.0003266404792616718,-0.02205203456894857,-0.022378675048210242,-0.022378675048210006,2.3592239273284576e-16,431013.315,0.0004607781564259043
858,Uruguay,0.0,-0.0008411279812296016,-0.0008411279812296016,-0.0008411279812296016,0.0,2224285.0,0.0023778892809049124
860,Uzbekistan,0.0,1.214612089302236e-06,1.214612089302236e-06,1.214612089302236e-06,0.0,11437015.0,0.012226830363037424
862,Venezuela (Bolivarian Republic of),0.001066057178042962,-0.024269457676445443,-0.02320340049840248,-0.0232034004984025,1.734723475976807e-17,3410705.89,0.003646241815302558
882,Samoa,0.0,0.016512897322550513,0.016512897322550513,0.016512897322550513,0.0,1609.8899999999999,1.7210654994463432e-06
887,Yemen,-0.0011418518618731607,-0.024855629143841672,-0.025997481005714834,-0.025997481005714806,2.7755575615628914e-17,411161.525,0.00043955544501627145
894,Zambia,0.0,-0.002573645284007199,-0.002573645284007199,-0.002573645284007199,0.0,489640.295,0.0005234537880620601
