country_m49,country,mean_intensity_kg_co2e_per_t,std_intensity_kg_co2e_per_t,q05_kg_co2e_per_t,q50_kg_co2e_per_t,q95_kg_co2e_per_t
4,Afghanistan,0.2621627957275553,0.030268529541407775,0.21987408614423623,0.2594028972166497,0.3220155550812784
8,Albania,0.08945427803966621,0.009886772403713315,0.07453359175205079,0.08853779046379211,0.10714059078095586
12,Algeria,0.058298656399566315,0.00714215561312084,0.04721251367086737,0.05755889769158666,0.07085883595240933
24,Angola,0.09491334366711321,0.0010487355800565018,0.09323731029176581,0.09487607755377117,0.09659247721991973
28,Antigua and Barbuda,0.06261308007038653,0.001046464158716778,0.060902720987358355,0.06256065934536235,0.06432820517635579
31,Azerbaijan,0.0320075879138566,0.0021180173839762144,0.02916739028688451,0.03172739079323354,0.0361045309578901
32,Argentina,0.009580346941323543,0.00012038570336980052,0.009368933273998981,0.009585353923591639,0.009771078706189464
36,Australia,0.018426230304652035,0.00034450229660938885,0.01791710620708696,0.0184025511274742,0.018992352856639205
40,Austria,0.0200645585230332,0.000774817985914161,0.019117253948328694,0.019897569753222356,0.021580928123173502
44,Bahamas,0.20202699360815624,0.022576474592343933,0.16720916914204137,0.19947816775177885,0.24163689205113825
48,Bahrain,0.02574232534020282,0.0019149294438287497,0.023062281879694183,0.025457910837109105,0.02933471679424466
50,Bangladesh,0.06258617432691958,0.004539625447397336,0.056188687192486424,0.06216283910326147,0.07092352118131429
51,Armenia,0.03194012211695819,0.003723554268174775,0.02646642612894716,0.031625250245167824,0.03808232154904117
52,Barbados,0.052365766867987246,0.0008315119159166189,0.05091090165475157,0.05242561710847369,0.05356974644289518
56,Belgium,0.016358953803650458,0.0001950438201654387,0.01602014642192318,0.016363916753827742,0.016666155365747108
64,Bhutan,0.08104675498957456,0.0018637907446603184,0.07801671639677,0.08099633444449163,0.08418912931415336
68,Bolivia (Plurinational State of),0.04800953214084994,0.005036026226108644,0.040642388796884164,0.04746246464200325,0.05679005790883639
70,Bosnia and Herzegovina,0.038922172280800554,0.0020833871966321844,0.036265759101381814,0.038587088954471396,0.04254144035608152
72,Botswana,0.011702223291733706,0.0008608240174697699,0.01036952834946725,0.011632301467310134,0.013184428217248984
76,Brazil,0.03181036922610762,0.0003668872356580181,0.031245844340987202,0.031804345220743054,0.03243498474947871
84,Belize,0.0771888147392298,0.0025990725210281265,0.0734024631635848,0.07717469722372039,0.081152829763897
90,Solomon Islands,0.08983362768814121,0.0009472653509881027,0.08840190943827393,0.08975058746743578,0.09146073954210922
96,Brunei Darussalam,0.6248040652915317,0.08975541338048397,0.48459327455775725,0.6228530848413663,0.7790298020161474
100,Bulgaria,0.05641375371140534,0.00593824960085332,0.047020881919132486,0.055668901104557,0.06737213936982957
104,Myanmar,0.09709687382919781,0.007833037493162527,0.08567879605865932,0.09608942414916305,0.11185667899752916
108,Burundi,0.25870670880144503,0.027158502418160754,0.21657824032479003,0.2569058397344696,0.3054162247359776
112,Belarus,0.020320734834681067,0.0003474806233556707,0.019735407450885818,0.020343326020760347,0.02090941710309694
116,Cambodia,0.4766763855124779,0.006015641661276788,0.4661362892801869,0.476823032091687,0.48645439707830873
120,Cameroon,0.1667489896740954,0.016566761759266774,0.14176548968639865,0.16485382059847625,0.1965115241853375
124,Canada,0.017409474949766936,0.0001913471184266686,0.017088178588998006,0.01741302086650464,0.01772042226555268
132,Cabo Verde,0.20111470685731947,0.021334682350459478,0.16862627236218844,0.19895122690226777,0.24002112878263596
144,Sri Lanka,0.08437263155023009,0.007475473876075796,0.07351007638623236,0.08362305942685166,0.09853208186643983
148,Chad,0.9383970394560052,0.11269910985007651,0.767864974354613,0.925766998941692,1.13789375270422
152,Chile,0.017366638091273447,0.00030775758391575914,0.01690867671219226,0.0173478927710528,0.017907029201288997
156,"China, mainland",0.046166144621090206,0.004149368939967571,0.040355306326432056,0.04575134828398159,0.05323094178039244
158,"China, Taiwan Province of",0.013304013932599605,0.0003605317279743951,0.012802349382271181,0.013268653856672662,0.013930265435567473
170,Colombia,0.03543917582700164,0.0005810277282794402,0.03452506544554393,0.03542490285216046,0.036424707951774646
174,Comoros,0.034840087947261254,0.0003854875374673699,0.03425299814762298,0.034823841458651125,0.03544658366271406
178,Congo,0.03553428758344251,0.00037009503829266784,0.03497576934964626,0.03553357236708346,0.0361441600024032
180,Democratic Republic of the Congo,0.052739905655787636,0.0006217788829298222,0.05176121562037732,0.052747023166004756,0.05376216531520097
188,Costa Rica,0.04612115225371575,0.0026318180602102987,0.04270338869971452,0.04556853420892236,0.05070157519584208
191,Croatia,0.027435181548560082,0.0027674351003390127,0.0230676298019756,0.02756034692049264,0.03187832172672212
192,Cuba,0.06341662633303825,0.0033063675660935793,0.059248025502843464,0.06316999616382094,0.06773954503570138
196,Cyprus,0.006281749703291656,0.0001145487892637721,0.006112120759823692,0.006265125620168247,0.006494939899690315
203,Czechia,0.011744515020371047,0.00015640006094642825,0.011495566131572545,0.011748425386072011,0.011990712537760524
204,Benin,0.35404315855771185,0.02562445199470464,0.31618267143195805,0.3519069703123624,0.39791932825350385
208,Denmark,0.01346830962098134,0.00014608829120227128,0.013219976590118714,0.013467038768525508,0.013699848415383345
212,Dominica,0.07764963953050004,0.0008615456493842888,0.07621016627112683,0.07766834518163696,0.07907094551284069
214,Dominican Republic,0.04759869629351205,0.0006936237716384414,0.04645684537639631,0.04766826348852852,0.048609634893374484
218,Ecuador,0.02975445954383202,0.001024304664610676,0.028642155813196696,0.029503720038250948,0.031699138066458195
222,El Salvador,0.06233117968435592,0.0008173603945847329,0.06097934655149668,0.06235153747963877,0.06357562286614397
231,Ethiopia,0.25147789113268426,0.042209343561408756,0.19598237320584241,0.24381384579811052,0.33020873440669984
232,Eritrea,0.817128604577093,0.1299465656536561,0.6386619893071039,0.7940143703655225,1.060234705738146
233,Estonia,0.01348990451144298,0.00019410797695019425,0.013133512402337568,0.013501178331533227,0.013778266722956066
234,Faroe Islands,0.02067456213933057,0.00037665065901491026,0.020079725669284742,0.020660536755036357,0.021310834460468314
242,Fiji,0.31608424916627414,0.017434229890599295,0.2912963011820384,0.3131770049694441,0.349907581708668
246,Finland,0.014639386588076394,0.000154762983073835,0.014405801167404605,0.014635106396226958,0.014895541105130708
250,France,0.022604486823642394,0.0015995362503455892,0.02044902976503896,0.022323954521110856,0.025599343468030264
258,French Polynesia,0.07230324571095478,0.0058938492850919705,0.06819016735806098,0.0703342589819672,0.08824133587765978
262,Djibouti,0.9537742345436958,0.24127064751933014,0.6207173210517282,0.912909218618455,1.4212250206842851
266,Gabon,0.03581887892667352,0.0003608986172769358,0.03524069594312712,0.03582418936377203,0.036415813074168836
268,Georgia,0.04161797348612573,0.0030446882137800404,0.03785439064550768,0.04096584427630047,0.04717427809455729
270,Gambia,0.035210947805440485,0.0004931460665741418,0.034273794685813846,0.0352387959386649,0.0360057664178601
276,Germany,0.016036860677549,0.0002252656897822996,0.0156306913093372,0.016056977145973008,0.0163629925960458
288,Ghana,0.35834970291248897,0.004133231177128704,0.35132451920719815,0.35839770931900394,0.36501352927618214
300,Greece,0.13154384661369822,0.017955582938327358,0.10322123670298226,0.12993661021217948,0.16144312136951794
308,Grenada,0.0968911936888347,0.001810865252511466,0.0940366287847891,0.09681662401189516,0.09986807157533868
320,Guatemala,0.09284993005414748,0.002140715723014645,0.08912736139902215,0.09294387071808972,0.0961917923499313
324,Guinea,0.39127814463000815,0.038336950628181564,0.33492414183848673,0.3872637180862427,0.45997403525882774
328,Guyana,0.136983369469849,0.0020233135391231494,0.13389766698488942,0.13696831157062436,0.14004604997133696
332,Haiti,0.7123577643544948,0.07375835101806641,0.5985988401257054,0.7055390724680726,0.8466437564433184
340,Honduras,0.053510581496899946,0.0005851414993241266,0.05258717813010719,0.05350928763098642,0.0544336019669795
344,"China, Hong Kong SAR",0.03146621970912929,0.00032862543289785876,0.03094986769728617,0.03144918682076337,0.03201773057472014
348,Hungary,0.014817734126603272,0.0003335777057534587,0.014373235666011123,0.014799594057977553,0.015342969115971754
352,Iceland,0.02305915062813088,0.00034032799338051746,0.022557313233411223,0.023039578254245408,0.02367844954992535
356,India,0.07986145893900189,0.009694096011947146,0.06466733449962445,0.07937877558799064,0.09603498367547958
360,Indonesia,0.17900569405473468,0.01769902170334293,0.1539552811761028,0.17825564742276656,0.21203149745123018
364,Iran (Islamic Republic of),0.029233312064685765,0.0029890120524469605,0.024941947553808724,0.02881393461463232,0.03475283975893629
368,Iraq,0.3019335881092372,0.033525756222143134,0.2523686993622747,0.30009664744474507,0.3617681834622515
372,Ireland,0.023059837107695835,0.00028888884836985674,0.022615276343216004,0.023047872691454387,0.023557728170172387
376,Israel,0.004117466021241368,0.00028958418026542527,0.0037471040721673214,0.004074704392350401,0.004669454043804035
380,Italy,0.02924655590827013,0.00299827807638753,0.025202386480732614,0.02892996198657579,0.03523969811593446
384,Côte d'Ivoire,0.42257195034551776,0.005869471566843057,0.4117967189883979,0.4228183486346663,0.43115275608180853
388,Jamaica,0.10201559614363256,0.013277850589381052,0.08262303830927664,0.10176873230437652,0.12493748419323389
392,Japan,0.008751181718441532,0.00010220535237007598,0.00857736735083856,0.0087534706021918,0.008927308365508212
398,Kazakhstan,0.032493665139161514,0.002031471307137343,0.03033563343352224,0.03196517883271259,0.03596829395502652
400,Jordan,0.022814298142410074,0.003115492855682956,0.018194231778769207,0.02256809497087902,0.027854512456967517
404,Kenya,0.19109730954935453,0.03932027821902745,0.14088166061299956,0.18265902293840214,0.26243793157929346
408,Democratic People's Republic of Korea,0.032764750046418725,0.000328371614714426,0.03220625679623078,0.03278396015863285,0.03329646717981625
410,Republic of Korea,0.00761067949213147,0.00012212657818549497,0.007428365373220358,0.007602510391228831,0.007809336742666798
414,Kuwait,0.011818972963788303,0.0007257638301554788,0.010770226584863858,0.011757110108184355,0.013059300957128088
417,Kyrgyzstan,0.03910115294008061,0.00041914944868742484,0.03839380838886133,0.039112023570216356,0.03980816246712621
418,Lao People's Democratic Republic,0.5039356229602882,0.0056920395613856,0.49424114916484313,0.5040885437303055,0.5131176526445136
422,Lebanon,0.025722460226791626,0.003695130680874075,0.020441133503769422,0.025434434815134705,0.0319701705809826
426,Lesotho,0.026137642369654525,0.0015184976483455742,0.025322237288793365,0.026011740568587398,0.026814550898013153
428,Latvia,0.018145413538322615,0.00034049093361439737,0.017594984282377987,0.018146985500464723,0.01865612608950946
430,Liberia,0.03765118092476119,0.00042798246260564724,0.03691544558477671,0.03764670642598146,0.0382830055522034
434,Libya,0.18489701379841786,0.022765702325267676,0.14855358676722658,0.18249067228937288,0.22408382174720115
440,Lithuania,0.020663637955993283,0.0003678643739682831,0.020033746832747928,0.02065791449923754,0.021302141623772183
442,Luxembourg,0.016652972463436604,0.00022530276387447762,0.01628423679011956,0.016652158600376506,0.01701551071657176
450,Madagascar,0.15316942827274943,0.0016814300484257155,0.15024685562233342,0.15323737111791114,0.1559099002546141
454,Malawi,0.3340622089749785,0.03473463941211474,0.2812956574920425,0.331313412771129,0.3919135708055866
458,Malaysia,0.14686498558465894,0.012161749080713519,0.12875701493819502,0.14593758156807973,0.16864499188793144
466,Mali,2.6085964991522186,0.4301242482985386,2.0186893646350694,2.5641082363243055,3.347896942998521
470,Malta,0.04008135422401925,0.00421908587623335,0.033804495174424735,0.03961859286160187,0.04824043167828612
478,Mauritania,0.726067115944493,0.08277249159417534,0.5940098542955247,0.7204994270757926,0.8688946204280271
480,Mauritius,0.05502424926089513,0.0016049604179560273,0.05249915818980622,0.05493131819756995,0.05753741248175481
484,Mexico,0.014930973217344842,0.0002970993832188478,0.014520862732409946,0.014886496141271119,0.015502293881293873
496,Mongolia,0.9238503049840722,0.06093989175607471,0.840095616198703,0.9136226397315903,1.0370367327166827
498,Republic of Moldova,0.05931534142068169,0.0068996528696019304,0.0490790595119016,0.058716707587538844,0.07221421520712522
499,Montenegro,0.07005020534621963,0.00753647149188123,0.05942252356244695,0.06918373689651985,0.08363153635443732
504,Morocco,0.04834262434321051,0.005266668623877028,0.040024532728979184,0.048076412218252776,0.057347252102498074
508,Mozambique,0.16528769313456337,0.02407038558647817,0.12744529894118034,0.16334983983686163,0.2093351472313772
512,Oman,0.07209146434306692,0.006733175397981986,0.06198488078859624,0.07166959166089276,0.08343579081946097
516,Namibia,0.10373651144387093,0.0015667450107649512,0.10133418074878302,0.1036656615319525,0.1063160964673306
524,Nepal,0.19916313248228812,0.024172458418274725,0.16124570976197236,0.1987970735551298,0.23893871938041975
528,Netherlands (Kingdom of the),0.01588433434782155,0.00047669839118028566,0.015216195206363999,0.015799506980013624,0.016807103502493655
540,New Caledonia,0.07824362849769631,0.0021295095847721117,0.07542055123413338,0.07792095342287292,0.08236322260870957
548,Vanuatu,0.5161500051525479,0.01133565703903637,0.5028290974803848,0.5149347401958523,0.5337868079687123
554,New Zealand,0.02471727822679788,0.0002620734182735674,0.024278358741388305,0.02471336045702324,0.025154574701913422
558,Nicaragua,0.05230627492404181,0.0010243042495993318,0.05073041830605962,0.05225999833089801,0.05388778454103651
562,Niger,0.5280605383074074,0.062221767405787914,0.4338294737823853,0.5240907801683778,0.637105673435494
566,Nigeria,0.19779408367981707,0.00201489390207377,0.19458500679595292,0.1977836229560433,0.20139061543338135
570,Niue,0.15368938106594363,0.0015739690359253536,0.15112437256043873,0.15371676043456256,0.15615658223822554
578,Norway,0.019947994012164055,0.0005494822724746692,0.019135429158471016,0.01990700304486194,0.02096632353488969
586,Pakistan,0.13780918721692603,0.017573511643695774,0.11051469794296843,0.13656921822073115,0.16933268025701348
591,Panama,0.0557916599098632,0.0011136564957524267,0.053869989354080626,0.055743344916135085,0.057594964751566745
598,Papua New Guinea,1.7852001825816013,0.1239861577279686,1.6035022378774955,1.7762287009333488,1.9948205951437903
600,Paraguay,0.028019638277339325,0.0005168154092803856,0.027192119513969083,0.027995352871422317,0.02884180363078198
604,Peru,0.03151714241660803,0.000540128387985361,0.030746000419408837,0.03147274030407826,0.03250462225923717
608,Philippines,0.04177132440603207,0.0005354582044564157,0.04086409581957421,0.04179097841688771,0.042573911406136096
616,Poland,0.015314428853173074,0.00033043842090344714,0.014782905091411875,0.015307186664260728,0.01585207781866909
620,Portugal,0.02460630335846497,0.0024822796198729936,0.021174701266129036,0.024340552970048633,0.02898406117974987
624,Guinea-Bissau,1.1214422096913819,0.12093270773642623,0.9397692851288729,1.11293791224161,1.324806567106433
626,Timor-Leste,0.18760514174060552,0.08621680547418177,0.08407315562555671,0.17564245053820626,0.34379329811558146
630,Puerto Rico,0.019455379056619166,0.0003064408387245888,0.019001291762775707,0.019423942632835194,0.019986975194644544
634,Qatar,0.34961827095255077,0.06163060721634147,0.2665548889455618,0.34071164532063725,0.4559690307299351
642,Romania,0.07611176966090667,0.009228306742433637,0.06259716584304832,0.07534804579653831,0.09099352471867359
643,Russian Federation,0.021893148902879616,0.0005091730648933679,0.021170333329138803,0.021814347726920456,0.02283894630310799
646,Rwanda,0.16495756804476247,0.013393048937275994,0.14493833207146412,0.16394701309927864,0.18874842756115595
662,Saint Lucia,0.05263697542717498,0.0005224099019670407,0.051817048299239644,0.052611458945197614,0.05350576609247034
670,Saint Vincent and the Grenadines,0.04411670015673304,0.0006767675361494011,0.04308315498579022,0.044128126559849004,0.04524422256730708
678,Sao Tome and Principe,0.03470883481784547,0.0003922190817248,0.03404947795810861,0.0347145794034882,0.035340589742475226
686,Senegal,0.2788832593687488,0.03451872047809901,0.22696445612004063,0.2763735497949503,0.3398222171919517
688,Serbia,0.0414945897399239,0.002419814988095445,0.038437835781179236,0.04104765758070409,0.04589380243904936
690,Seychelles,0.07543428080763485,0.0013309744929100539,0.07326724847442834,0.07545407703191295,0.07768098432293634
694,Sierra Leone,0.036474716743674036,0.0003682447388991137,0.03588670352093847,0.036480223881800874,0.03704260018424698
703,Slovakia,0.01631039237626469,0.001159331906717652,0.014831056752742931,0.01612690296290013,0.01837692467269176
704,Viet Nam,0.02757485889828448,0.000964342098012088,0.026217271085801942,0.027502569388653524,0.02928531166809357
705,Slovenia,0.021850245390465765,0.0005675195834687332,0.02115882324321001,0.02176791880698274,0.023068545160006407
706,Somalia,1.2195775748506212,0.25378394477943805,0.8747073702871071,1.1685452917891648,1.6760182679216171
716,Zimbabwe,0.10796414169312187,0.0011359523574080708,0.10614006447800256,0.10798974817157445,0.10979195846173406
724,Spain,0.028210081262951135,0.003081436475217152,0.02332314670010815,0.02789564611914714,0.033365360731497054
728,South Sudan,0.2549481479832905,0.023798811668213876,0.21957078776984004,0.2523274709781612,0.29722731732552077
729,Sudan,0.3699086890264365,0.036174891334631205,0.3107172891140535,0.3686958787767335,0.4300424082839033
740,Suriname,0.026144874776547353,0.000623973708594988,0.025125755427864906,0.026148273767315926,0.027060389227707534
748,Eswatini,0.15113521300058738,0.0033228913077221526,0.14500312335084653,0.1515721934309573,0.15583028299388244
752,Sweden,0.014709611991966473,0.00019793569898363743,0.014404271122545984,0.014706230391782562,0.015027589885062202
756,Switzerland,0.020134541355285307,0.0005939411233310863,0.019434377433316437,0.019976675140089082,0.02128866644824757
762,Tajikistan,0.10555691311196272,0.003956163000466849,0.09982472873958173,0.10519289839871038,0.11241585006848631
764,Thailand,0.020671206960131763,0.00040372198135190816,0.02001148153446152,0.020669362253215216,0.02137101023896448
768,Togo,0.2578725483603051,0.0037534566576426925,0.25138107183453595,0.25808460832262853,0.2632790121973752
776,Tonga,0.07606112941452008,0.0007582864528100368,0.07467728238988175,0.07605681924204827,0.07728617561483855
780,Trinidad and Tobago,0.36484030873378887,0.014396436708348807,0.3244819127038511,0.3677630756326685,0.37833700355453753
788,Tunisia,0.017174736927834347,0.0013390961114939034,0.015480608164866263,0.016928516253939443,0.019661064322926858
792,Türkiye,0.026270417332523274,0.0027204829111489985,0.02257547589092068,0.025912460247504515,0.031138372822404073
795,Turkmenistan,0.039188057805004506,0.002620695911364424,0.03589932002931856,0.038705151916285416,0.044391985790093576
800,Uganda,0.062185960773895384,0.002699308281789589,0.056026272774357955,0.06287025046183033,0.06501029818349378
804,Ukraine,0.022602955208101183,0.000763403965485348,0.02153581479321672,0.022503686349229165,0.0239501373326342
807,North Macedonia,0.09961172478371728,0.013172941947992702,0.08020508394294276,0.09834863398706387,0.12093714941617513
818,Egypt,0.028649106780919694,0.0027446094535020877,0.024405395306456912,0.028446890446976524,0.03336016882986995
826,United Kingdom of Great Britain and Northern Ireland,0.016227907807583188,0.000170897076069556,0.015967255224950662,0.016230853922230642,0.016500762165563808
834,United Republic of Tanzania,0.12923516117549444,0.005371199805794099,0.12170756819997601,0.12862107635650352,0.13845748103240085
840,United States of America,0.016059088001612997,0.00016549120146455953,0.015787077919602394,0.01605386224025898,0.016332546058020366
854,Burkina Faso,1.3390992713014669,0.14446739731933717,1.1255572213955187,1.331189522714891,1.5919448301795291
858,Uruguay,0.022661773697359392,0.0005713460071005139,0.02176947194250045,0.02263735444179944,0.023574985456157053
860,Uzbekistan,0.03729888518065653,0.0004019363301512238,0.03665045306262677,0.03730765312546093,0.03793376163264138
862,Venezuela (Bolivarian Republic of),0.07443019248770186,0.003495054400442152,0.06934855069104055,0.07400809505924491,0.08039615863757796
882,Samoa,0.12312124685999189,0.0017396918976314148,0.12036202501373747,0.12314545952971868,0.12603065064426955
887,Yemen,0.2669727039272776,0.028879930389611928,0.22174698016070402,0.2658482181350833,0.3151402634019659
894,Zambia,0.035354996139823895,0.000510756303425857,0.03443891977670646,0.03536891855064252,0.03615513804738033
